Document,Description,Type,Organization,Class,Revision Number,Revision Date,File Path,File Type,Out of Service,Original Filename,Uploaded
10938,10412_202210182214.JPG,Uploaded document,BCRTC,,,,10412_202210182214.JPG,,NO,10412_202210182214.JPG,10/18/2022 22:14
11104,10638_202210182227.JPG,Uploaded document,BCRTC,,,,10638_202210182227.JPG,,NO,10638_202210182227.JPG,10/18/2022 22:27
11188,10756_202210182228.JPG,Uploaded document,BCRTC,,,,10756_202210182228.JPG,,NO,10756_202210182228.JPG,10/18/2022 22:29
11267,10887_202210182237.jpg,Uploaded document,BCRTC,,,,10887_202210182237.jpg,,NO,10887_202210182237.jpg,10/18/2022 22:38
1480,2022-06-07 14_27_34-_202206072127.jpg,Uploaded document,BCRTC,,,,2022-06-07 14_27_34-_202206072127.jpg,,NO,2022-06-07 14_27_34-_202206072127.jpg,6/7/2022 21:27
1547,REQ 10532 __ 2022-06-07 14_27_34-_202206072127_202206101851.jpg,Uploaded document,BCRTC,,,,REQ 10532 __ 2022-06-07 14_27_34-_202206072127_202206101851.jpg,,NO,REQ 10532 __ 2022-06-07 14_27_34-_202206072127_202206101851.jpg,6/10/2022 18:51
27527,Mark III_202210260207.jpg,Uploaded document,BCRTC,,,,Mark III_202210260207.jpg,,YES,Mark III_202210260207.jpg,10/26/2022 2:07
27930,EAM 178883_202211090604.jpg,Uploaded document,BCRTC,,,,EAM 178883_202211090604.jpg,,NO,EAM 178883_202211090604.jpg,11/9/2022 6:04
27931,EAM 178883 (2)_202211090605.jpg,Uploaded document,BCRTC,,,,EAM 178883 (2)_202211090605.jpg,,NO,EAM 178883 (2)_202211090605.jpg,11/9/2022 6:05
29348,Capture_202212212343.JPG,Uploaded document,BCRTC,,,,Capture_202212212343.JPG,,NO,Capture_202212212343.JPG,12/21/2022 23:43
301,Charger_202203022144.JPG,Uploaded document,BCRTC,,,,Charger_202203022144.JPG,,NO,Charger_202203022144.JPG,3/2/2022 21:44
30427,thumbnail_image0_202302021814.jpg,Uploaded document,BCRTC,,,,thumbnail_image0_202302021814.jpg,,NO,thumbnail_image0_202302021814.jpg,2/2/2023 18:14
30428,217 S1 battery capacity test_202302021816.jpg,Uploaded document,BCRTC,,,,217 S1 battery capacity test_202302021816.jpg,,NO,217 S1 battery capacity test_202302021816.jpg,2/2/2023 18:16
31027,adhesive expiry_202302211304.jpg,Uploaded document,*,,,,adhesive expiry_202302211304.jpg,,NO,adhesive expiry_202302211304.jpg,2/21/2023 13:04
31632,702-20230331-Travco-CVI_202303101940.jpg,Uploaded document,BCRTC,,,,702-20230331-Travco-CVI_202303101940.jpg,,NO,702-20230331-Travco-CVI_202303101940.jpg,3/10/2023 19:40
31745,image_202303151828.jpg,Uploaded document,BCRTC,,,,image_202303151828.jpg,,NO,image_202303151828.jpg,3/15/2023 18:28
31936,595-20230322-Travco-Invoice-18200-PM_202303231435.jpg,Uploaded document,BCRTC,,,,595-20230322-Travco-Invoice-18200-PM_202303231435.jpg,,NO,595-20230322-Travco-Invoice-18200-PM_202303231435.jpg,3/23/2023 14:35
32353,594-20230329-Travco-Invoice-18214-PM_202304042012.jpg,Uploaded document,BCRTC,,,,594-20230329-Travco-Invoice-18214-PM_202304042012.jpg,,NO,594-20230329-Travco-Invoice-18214-PM_202304042012.jpg,4/4/2023 20:12
32354,602-20230327-Travco-Invoice-18209-PM_202304042012.jpg,Uploaded document,BCRTC,,,,602-20230327-Travco-Invoice-18209-PM_202304042012.jpg,,NO,602-20230327-Travco-Invoice-18209-PM_202304042012.jpg,4/4/2023 20:12
33377,c00-03-0303-001_202305022107.jpg,Uploaded document,BCRTC,,,,c00-03-0303-001_202305022107.jpg,,NO,c00-03-0303-001_202305022107.jpg,5/2/2023 21:07
33378,c00-03-0303-002_202305022107.jpg,Uploaded document,BCRTC,,,,c00-03-0303-002_202305022107.jpg,,NO,c00-03-0303-002_202305022107.jpg,5/2/2023 21:07
33379,c00-03-0303-003_202305022107.jpg,Uploaded document,BCRTC,,,,c00-03-0303-003_202305022107.jpg,,NO,c00-03-0303-003_202305022107.jpg,5/2/2023 21:07
33380,c00-03-0303-004_202305022107.jpg,Uploaded document,BCRTC,,,,c00-03-0303-004_202305022107.jpg,,NO,c00-03-0303-004_202305022107.jpg,5/2/2023 21:07
33381,c00-03-0303-005_202305022107.jpg,Uploaded document,BCRTC,,,,c00-03-0303-005_202305022107.jpg,,NO,c00-03-0303-005_202305022107.jpg,5/2/2023 21:07
33382,c00-03-0303-006_202305022107.jpg,Uploaded document,BCRTC,,,,c00-03-0303-006_202305022107.jpg,,NO,c00-03-0303-006_202305022107.jpg,5/2/2023 21:07
33383,c00-03-0303-007_202305022107.jpg,Uploaded document,BCRTC,,,,c00-03-0303-007_202305022107.jpg,,NO,c00-03-0303-007_202305022107.jpg,5/2/2023 21:07
33384,c00-03-0303-008_202305022107.jpg,Uploaded document,BCRTC,,,,c00-03-0303-008_202305022107.jpg,,NO,c00-03-0303-008_202305022107.jpg,5/2/2023 21:07
33385,c00-03-0303-009_202305022107.jpg,Uploaded document,BCRTC,,,,c00-03-0303-009_202305022107.jpg,,NO,c00-03-0303-009_202305022107.jpg,5/2/2023 21:07
33386,c00-03-0303-010_202305022107.jpg,Uploaded document,BCRTC,,,,c00-03-0303-010_202305022107.jpg,,NO,c00-03-0303-010_202305022107.jpg,5/2/2023 21:07
33387,c00-03-0303-011_202305022107.jpg,Uploaded document,BCRTC,,,,c00-03-0303-011_202305022107.jpg,,NO,c00-03-0303-011_202305022107.jpg,5/2/2023 21:07
33388,c00-03-0303-012_202305022107.jpg,Uploaded document,BCRTC,,,,c00-03-0303-012_202305022107.jpg,,NO,c00-03-0303-012_202305022107.jpg,5/2/2023 21:07
33389,c00-03-0303-013_202305022107.jpg,Uploaded document,BCRTC,,,,c00-03-0303-013_202305022107.jpg,,NO,c00-03-0303-013_202305022107.jpg,5/2/2023 21:08
33390,c00-03-0303-014_202305022107.jpg,Uploaded document,BCRTC,,,,c00-03-0303-014_202305022107.jpg,,NO,c00-03-0303-014_202305022107.jpg,5/2/2023 21:08
33391,c00-03-0303-016_202305022107.jpg,Uploaded document,BCRTC,,,,c00-03-0303-016_202305022107.jpg,,NO,c00-03-0303-016_202305022107.jpg,5/2/2023 21:08
33392,c00-03-0303-017_202305022107.jpg,Uploaded document,BCRTC,,,,c00-03-0303-017_202305022107.jpg,,NO,c00-03-0303-017_202305022107.jpg,5/2/2023 21:08
33393,c00-03-0303-018_202305022107.jpg,Uploaded document,BCRTC,,,,c00-03-0303-018_202305022107.jpg,,NO,c00-03-0303-018_202305022107.jpg,5/2/2023 21:08
33394,c00-03-0303-019_202305022107.jpg,Uploaded document,BCRTC,,,,c00-03-0303-019_202305022107.jpg,,NO,c00-03-0303-019_202305022107.jpg,5/2/2023 21:08
33395,c00-03-0303-020_202305022107.jpg,Uploaded document,BCRTC,,,,c00-03-0303-020_202305022107.jpg,,NO,c00-03-0303-020_202305022107.jpg,5/2/2023 21:08
33396,c00-03-0303-021_202305022107.jpg,Uploaded document,BCRTC,,,,c00-03-0303-021_202305022107.jpg,,NO,c00-03-0303-021_202305022107.jpg,5/2/2023 21:08
33397,c00-03-0303-022_202305022107.jpg,Uploaded document,BCRTC,,,,c00-03-0303-022_202305022107.jpg,,NO,c00-03-0303-022_202305022107.jpg,5/2/2023 21:08
33398,c00-03-0303-023_202305022107.jpg,Uploaded document,BCRTC,,,,c00-03-0303-023_202305022107.jpg,,NO,c00-03-0303-023_202305022107.jpg,5/2/2023 21:08
33399,c00-03-0303-024_202305022107.jpg,Uploaded document,BCRTC,,,,c00-03-0303-024_202305022107.jpg,,NO,c00-03-0303-024_202305022107.jpg,5/2/2023 21:08
33400,c00-03-0303-025_202305022107.jpg,Uploaded document,BCRTC,,,,c00-03-0303-025_202305022107.jpg,,NO,c00-03-0303-025_202305022107.jpg,5/2/2023 21:08
33401,c00-03-0303-026_202305022107.jpg,Uploaded document,BCRTC,,,,c00-03-0303-026_202305022107.jpg,,NO,c00-03-0303-026_202305022107.jpg,5/2/2023 21:08
33402,c00-03-0303-027_202305022107.jpg,Uploaded document,BCRTC,,,,c00-03-0303-027_202305022107.jpg,,NO,c00-03-0303-027_202305022107.jpg,5/2/2023 21:08
33403,c00-03-0303-028_202305022107.jpg,Uploaded document,BCRTC,,,,c00-03-0303-028_202305022107.jpg,,NO,c00-03-0303-028_202305022107.jpg,5/2/2023 21:08
33404,c00-03-0303-029_202305022107.jpg,Uploaded document,BCRTC,,,,c00-03-0303-029_202305022107.jpg,,NO,c00-03-0303-029_202305022107.jpg,5/2/2023 21:08
33405,c00-03-0303-030_202305022107.jpg,Uploaded document,BCRTC,,,,c00-03-0303-030_202305022107.jpg,,NO,c00-03-0303-030_202305022107.jpg,5/2/2023 21:08
33406,c00-03-0303-031_202305022107.jpg,Uploaded document,BCRTC,,,,c00-03-0303-031_202305022107.jpg,,NO,c00-03-0303-031_202305022107.jpg,5/2/2023 21:08
33407,c00-03-0303-032_202305022107.jpg,Uploaded document,BCRTC,,,,c00-03-0303-032_202305022107.jpg,,NO,c00-03-0303-032_202305022107.jpg,5/2/2023 21:08
33408,c00-03-0303-033_202305022107.jpg,Uploaded document,BCRTC,,,,c00-03-0303-033_202305022107.jpg,,NO,c00-03-0303-033_202305022107.jpg,5/2/2023 21:08
33409,c00-03-0303-034_202305022107.jpg,Uploaded document,BCRTC,,,,c00-03-0303-034_202305022107.jpg,,NO,c00-03-0303-034_202305022107.jpg,5/2/2023 21:08
33410,c00-03-0303-035_202305022107.jpg,Uploaded document,BCRTC,,,,c00-03-0303-035_202305022107.jpg,,NO,c00-03-0303-035_202305022107.jpg,5/2/2023 21:08
33411,c00-03-0303-036_202305022107.jpg,Uploaded document,BCRTC,,,,c00-03-0303-036_202305022107.jpg,,NO,c00-03-0303-036_202305022107.jpg,5/2/2023 21:08
33412,c00-03-0303-037_202305022107.jpg,Uploaded document,BCRTC,,,,c00-03-0303-037_202305022107.jpg,,NO,c00-03-0303-037_202305022107.jpg,5/2/2023 21:08
33413,c00-03-0303-038_202305022107.jpg,Uploaded document,BCRTC,,,,c00-03-0303-038_202305022107.jpg,,NO,c00-03-0303-038_202305022107.jpg,5/2/2023 21:08
33414,c00-03-0303-039_202305022107.jpg,Uploaded document,BCRTC,,,,c00-03-0303-039_202305022107.jpg,,NO,c00-03-0303-039_202305022107.jpg,5/2/2023 21:08
33415,c00-03-0303-040_202305022107.jpg,Uploaded document,BCRTC,,,,c00-03-0303-040_202305022107.jpg,,NO,c00-03-0303-040_202305022107.jpg,5/2/2023 21:08
33416,c00-03-0303-041_202305022107.jpg,Uploaded document,BCRTC,,,,c00-03-0303-041_202305022107.jpg,,NO,c00-03-0303-041_202305022107.jpg,5/2/2023 21:08
33417,c00-03-0303-042_202305022107.jpg,Uploaded document,BCRTC,,,,c00-03-0303-042_202305022107.jpg,,NO,c00-03-0303-042_202305022107.jpg,5/2/2023 21:08
33418,c00-03-0303-043_202305022107.jpg,Uploaded document,BCRTC,,,,c00-03-0303-043_202305022107.jpg,,NO,c00-03-0303-043_202305022107.jpg,5/2/2023 21:08
33419,c00-03-0303-044_202305022107.jpg,Uploaded document,BCRTC,,,,c00-03-0303-044_202305022107.jpg,,NO,c00-03-0303-044_202305022107.jpg,5/2/2023 21:08
33420,c00-03-0303-045_202305022107.jpg,Uploaded document,BCRTC,,,,c00-03-0303-045_202305022107.jpg,,NO,c00-03-0303-045_202305022107.jpg,5/2/2023 21:08
33421,c00-03-0303-046_202305022107.jpg,Uploaded document,BCRTC,,,,c00-03-0303-046_202305022107.jpg,,NO,c00-03-0303-046_202305022107.jpg,5/2/2023 21:08
33422,c00-03-0303-047_202305022107.jpg,Uploaded document,BCRTC,,,,c00-03-0303-047_202305022107.jpg,,NO,c00-03-0303-047_202305022107.jpg,5/2/2023 21:08
33423,c00-03-0303-048_202305022107.jpg,Uploaded document,BCRTC,,,,c00-03-0303-048_202305022107.jpg,,NO,c00-03-0303-048_202305022107.jpg,5/2/2023 21:08
33424,c00-03-0303-049_202305022107.jpg,Uploaded document,BCRTC,,,,c00-03-0303-049_202305022107.jpg,,NO,c00-03-0303-049_202305022107.jpg,5/2/2023 21:08
33425,c00-03-0303-050_202305022107.jpg,Uploaded document,BCRTC,,,,c00-03-0303-050_202305022107.jpg,,NO,c00-03-0303-050_202305022107.jpg,5/2/2023 21:08
33426,c00-03-0303-051_202305022112.jpg,Uploaded document,BCRTC,,,,c00-03-0303-051_202305022112.jpg,,NO,c00-03-0303-051_202305022112.jpg,5/2/2023 21:12
33427,c00-03-0303-052_202305022112.jpg,Uploaded document,BCRTC,,,,c00-03-0303-052_202305022112.jpg,,NO,c00-03-0303-052_202305022112.jpg,5/2/2023 21:12
33428,c00-03-0303-053_202305022112.jpg,Uploaded document,BCRTC,,,,c00-03-0303-053_202305022112.jpg,,NO,c00-03-0303-053_202305022112.jpg,5/2/2023 21:12
33429,c00-03-0303-054_202305022112.jpg,Uploaded document,BCRTC,,,,c00-03-0303-054_202305022112.jpg,,NO,c00-03-0303-054_202305022112.jpg,5/2/2023 21:12
33430,c00-03-0303-055_202305022112.jpg,Uploaded document,BCRTC,,,,c00-03-0303-055_202305022112.jpg,,NO,c00-03-0303-055_202305022112.jpg,5/2/2023 21:12
33431,c00-03-0303-056_202305022112.jpg,Uploaded document,BCRTC,,,,c00-03-0303-056_202305022112.jpg,,NO,c00-03-0303-056_202305022112.jpg,5/2/2023 21:12
33432,c00-03-0303-057_202305022112.jpg,Uploaded document,BCRTC,,,,c00-03-0303-057_202305022112.jpg,,NO,c00-03-0303-057_202305022112.jpg,5/2/2023 21:12
33433,c00-03-0303-058_202305022112.jpg,Uploaded document,BCRTC,,,,c00-03-0303-058_202305022112.jpg,,NO,c00-03-0303-058_202305022112.jpg,5/2/2023 21:12
33434,c00-03-0303-059_202305022112.jpg,Uploaded document,BCRTC,,,,c00-03-0303-059_202305022112.jpg,,NO,c00-03-0303-059_202305022112.jpg,5/2/2023 21:12
33435,c00-03-0303-060_202305022112.jpg,Uploaded document,BCRTC,,,,c00-03-0303-060_202305022112.jpg,,NO,c00-03-0303-060_202305022112.jpg,5/2/2023 21:12
33436,c00-03-0303-061_202305022112.jpg,Uploaded document,BCRTC,,,,c00-03-0303-061_202305022112.jpg,,NO,c00-03-0303-061_202305022112.jpg,5/2/2023 21:12
33437,c00-03-0303-062_202305022112.jpg,Uploaded document,BCRTC,,,,c00-03-0303-062_202305022112.jpg,,NO,c00-03-0303-062_202305022112.jpg,5/2/2023 21:12
33438,c00-03-0303-063_202305022112.jpg,Uploaded document,BCRTC,,,,c00-03-0303-063_202305022112.jpg,,NO,c00-03-0303-063_202305022112.jpg,5/2/2023 21:12
33439,c00-03-0303-064_202305022112.jpg,Uploaded document,BCRTC,,,,c00-03-0303-064_202305022112.jpg,,NO,c00-03-0303-064_202305022112.jpg,5/2/2023 21:12
33440,c00-03-0303-065_202305022112.jpg,Uploaded document,BCRTC,,,,c00-03-0303-065_202305022112.jpg,,NO,c00-03-0303-065_202305022112.jpg,5/2/2023 21:12
33441,c00-03-0303-066_202305022112.jpg,Uploaded document,BCRTC,,,,c00-03-0303-066_202305022112.jpg,,NO,c00-03-0303-066_202305022112.jpg,5/2/2023 21:12
33442,c00-03-0303-067_202305022112.jpg,Uploaded document,BCRTC,,,,c00-03-0303-067_202305022112.jpg,,NO,c00-03-0303-067_202305022112.jpg,5/2/2023 21:12
33443,c00-03-0303-068_202305022112.jpg,Uploaded document,BCRTC,,,,c00-03-0303-068_202305022112.jpg,,NO,c00-03-0303-068_202305022112.jpg,5/2/2023 21:12
33444,c00-03-0303-069_202305022112.jpg,Uploaded document,BCRTC,,,,c00-03-0303-069_202305022112.jpg,,NO,c00-03-0303-069_202305022112.jpg,5/2/2023 21:12
33445,c00-03-0303-070_202305022112.jpg,Uploaded document,BCRTC,,,,c00-03-0303-070_202305022112.jpg,,NO,c00-03-0303-070_202305022112.jpg,5/2/2023 21:12
33446,c00-03-0303-071_202305022112.jpg,Uploaded document,BCRTC,,,,c00-03-0303-071_202305022112.jpg,,NO,c00-03-0303-071_202305022112.jpg,5/2/2023 21:12
33447,c00-03-0303-073_202305022112.jpg,Uploaded document,BCRTC,,,,c00-03-0303-073_202305022112.jpg,,NO,c00-03-0303-073_202305022112.jpg,5/2/2023 21:12
33448,c00-03-0303-074_202305022112.jpg,Uploaded document,BCRTC,,,,c00-03-0303-074_202305022112.jpg,,NO,c00-03-0303-074_202305022112.jpg,5/2/2023 21:12
33449,c00-03-0303-075_202305022112.jpg,Uploaded document,BCRTC,,,,c00-03-0303-075_202305022112.jpg,,NO,c00-03-0303-075_202305022112.jpg,5/2/2023 21:12
33450,c00-03-0303-076_202305022112.jpg,Uploaded document,BCRTC,,,,c00-03-0303-076_202305022112.jpg,,NO,c00-03-0303-076_202305022112.jpg,5/2/2023 21:12
33451,c00-03-0303-077_202305022112.jpg,Uploaded document,BCRTC,,,,c00-03-0303-077_202305022112.jpg,,NO,c00-03-0303-077_202305022112.jpg,5/2/2023 21:12
33452,c00-03-0303-078_202305022112.jpg,Uploaded document,BCRTC,,,,c00-03-0303-078_202305022112.jpg,,NO,c00-03-0303-078_202305022112.jpg,5/2/2023 21:12
33453,c00-03-0303-079_202305022112.jpg,Uploaded document,BCRTC,,,,c00-03-0303-079_202305022112.jpg,,NO,c00-03-0303-079_202305022112.jpg,5/2/2023 21:12
33454,c00-03-0303-080_202305022112.jpg,Uploaded document,BCRTC,,,,c00-03-0303-080_202305022112.jpg,,NO,c00-03-0303-080_202305022112.jpg,5/2/2023 21:12
33455,c00-03-0303-081_202305022112.jpg,Uploaded document,BCRTC,,,,c00-03-0303-081_202305022112.jpg,,NO,c00-03-0303-081_202305022112.jpg,5/2/2023 21:12
33456,c00-03-0303-082_202305022112.jpg,Uploaded document,BCRTC,,,,c00-03-0303-082_202305022112.jpg,,NO,c00-03-0303-082_202305022112.jpg,5/2/2023 21:12
33457,c00-03-0303-083_202305022112.jpg,Uploaded document,BCRTC,,,,c00-03-0303-083_202305022112.jpg,,NO,c00-03-0303-083_202305022112.jpg,5/2/2023 21:12
33458,c00-03-0303-084_202305022112.jpg,Uploaded document,BCRTC,,,,c00-03-0303-084_202305022112.jpg,,NO,c00-03-0303-084_202305022112.jpg,5/2/2023 21:12
33459,c00-03-0303-085_202305022112.jpg,Uploaded document,BCRTC,,,,c00-03-0303-085_202305022112.jpg,,NO,c00-03-0303-085_202305022112.jpg,5/2/2023 21:12
33460,c00-03-0303-086_202305022112.jpg,Uploaded document,BCRTC,,,,c00-03-0303-086_202305022112.jpg,,NO,c00-03-0303-086_202305022112.jpg,5/2/2023 21:12
33461,c00-03-0303-087_202305022112.jpg,Uploaded document,BCRTC,,,,c00-03-0303-087_202305022112.jpg,,NO,c00-03-0303-087_202305022112.jpg,5/2/2023 21:12
33462,c00-03-0303-088_202305022112.jpg,Uploaded document,BCRTC,,,,c00-03-0303-088_202305022112.jpg,,NO,c00-03-0303-088_202305022112.jpg,5/2/2023 21:12
33463,e04-90-0590-001_202305022112.jpg,Uploaded document,BCRTC,,,,e04-90-0590-001_202305022112.jpg,,NO,e04-90-0590-001_202305022112.jpg,5/2/2023 21:12
33464,e04-90-0590-002_202305022112.jpg,Uploaded document,BCRTC,,,,e04-90-0590-002_202305022112.jpg,,NO,e04-90-0590-002_202305022112.jpg,5/2/2023 21:12
33465,e04-90-0590-003_202305022112.jpg,Uploaded document,BCRTC,,,,e04-90-0590-003_202305022112.jpg,,NO,e04-90-0590-003_202305022112.jpg,5/2/2023 21:12
33466,e04-90-0590-004_202305022112.jpg,Uploaded document,BCRTC,,,,e04-90-0590-004_202305022112.jpg,,NO,e04-90-0590-004_202305022112.jpg,5/2/2023 21:12
33467,e04-90-0590-005_202305022112.jpg,Uploaded document,BCRTC,,,,e04-90-0590-005_202305022112.jpg,,NO,e04-90-0590-005_202305022112.jpg,5/2/2023 21:13
33468,e04-90-0590-007_202305022112.jpg,Uploaded document,BCRTC,,,,e04-90-0590-007_202305022112.jpg,,NO,e04-90-0590-007_202305022112.jpg,5/2/2023 21:13
33469,e04-90-0590-008_202305022112.jpg,Uploaded document,BCRTC,,,,e04-90-0590-008_202305022112.jpg,,NO,e04-90-0590-008_202305022112.jpg,5/2/2023 21:13
33470,e04-90-0590-009_202305022112.jpg,Uploaded document,BCRTC,,,,e04-90-0590-009_202305022112.jpg,,NO,e04-90-0590-009_202305022112.jpg,5/2/2023 21:13
33471,e04-90-0590-010_202305022112.jpg,Uploaded document,BCRTC,,,,e04-90-0590-010_202305022112.jpg,,NO,e04-90-0590-010_202305022112.jpg,5/2/2023 21:13
33472,e04-90-0590-012_202305022112.jpg,Uploaded document,BCRTC,,,,e04-90-0590-012_202305022112.jpg,,NO,e04-90-0590-012_202305022112.jpg,5/2/2023 21:13
33473,e04-90-0590-013_202305022112.jpg,Uploaded document,BCRTC,,,,e04-90-0590-013_202305022112.jpg,,NO,e04-90-0590-013_202305022112.jpg,5/2/2023 21:13
33474,e04-90-0590-015_202305022112.jpg,Uploaded document,BCRTC,,,,e04-90-0590-015_202305022112.jpg,,NO,e04-90-0590-015_202305022112.jpg,5/2/2023 21:13
33475,e04-90-0590-016_202305022112.jpg,Uploaded document,BCRTC,,,,e04-90-0590-016_202305022112.jpg,,NO,e04-90-0590-016_202305022112.jpg,5/2/2023 21:13
33476,e04-90-0590-017_202305022116.jpg,Uploaded document,BCRTC,,,,e04-90-0590-017_202305022116.jpg,,NO,e04-90-0590-017_202305022116.jpg,5/2/2023 21:16
33477,e04-90-0590-018_202305022116.jpg,Uploaded document,BCRTC,,,,e04-90-0590-018_202305022116.jpg,,NO,e04-90-0590-018_202305022116.jpg,5/2/2023 21:16
33478,e04-90-0590-021_202305022116.jpg,Uploaded document,BCRTC,,,,e04-90-0590-021_202305022116.jpg,,NO,e04-90-0590-021_202305022116.jpg,5/2/2023 21:16
33479,e04-90-0590-022_202305022116.jpg,Uploaded document,BCRTC,,,,e04-90-0590-022_202305022116.jpg,,NO,e04-90-0590-022_202305022116.jpg,5/2/2023 21:16
33480,e04-90-0590-023_202305022116.jpg,Uploaded document,BCRTC,,,,e04-90-0590-023_202305022116.jpg,,NO,e04-90-0590-023_202305022116.jpg,5/2/2023 21:16
33481,e04-90-0590-024_202305022116.jpg,Uploaded document,BCRTC,,,,e04-90-0590-024_202305022116.jpg,,NO,e04-90-0590-024_202305022116.jpg,5/2/2023 21:16
33482,e04-90-0590-025_202305022116.jpg,Uploaded document,BCRTC,,,,e04-90-0590-025_202305022116.jpg,,NO,e04-90-0590-025_202305022116.jpg,5/2/2023 21:16
33483,e04-90-0590-026_202305022116.jpg,Uploaded document,BCRTC,,,,e04-90-0590-026_202305022116.jpg,,NO,e04-90-0590-026_202305022116.jpg,5/2/2023 21:16
33484,e04-90-0590-027_202305022116.jpg,Uploaded document,BCRTC,,,,e04-90-0590-027_202305022116.jpg,,NO,e04-90-0590-027_202305022116.jpg,5/2/2023 21:16
33485,e04-90-0590-028_202305022116.jpg,Uploaded document,BCRTC,,,,e04-90-0590-028_202305022116.jpg,,NO,e04-90-0590-028_202305022116.jpg,5/2/2023 21:16
33486,e04-90-0590-070_202305022116.jpg,Uploaded document,BCRTC,,,,e04-90-0590-070_202305022116.jpg,,NO,e04-90-0590-070_202305022116.jpg,5/2/2023 21:16
33487,e04-90-0590-072_202305022116.jpg,Uploaded document,BCRTC,,,,e04-90-0590-072_202305022116.jpg,,NO,e04-90-0590-072_202305022116.jpg,5/2/2023 21:16
33488,e04-90-0590-085_202305022116.jpg,Uploaded document,BCRTC,,,,e04-90-0590-085_202305022116.jpg,,NO,e04-90-0590-085_202305022116.jpg,5/2/2023 21:17
33489,e04-90-0590-097_202305022116.jpg,Uploaded document,BCRTC,,,,e04-90-0590-097_202305022116.jpg,,NO,e04-90-0590-097_202305022116.jpg,5/2/2023 21:17
33490,e04-90-0590-098_202305022116.jpg,Uploaded document,BCRTC,,,,e04-90-0590-098_202305022116.jpg,,NO,e04-90-0590-098_202305022116.jpg,5/2/2023 21:17
33491,e04-90-0590-099_202305022116.jpg,Uploaded document,BCRTC,,,,e04-90-0590-099_202305022116.jpg,,NO,e04-90-0590-099_202305022116.jpg,5/2/2023 21:17
33492,e04-90-0590-100_202305022116.jpg,Uploaded document,BCRTC,,,,e04-90-0590-100_202305022116.jpg,,NO,e04-90-0590-100_202305022116.jpg,5/2/2023 21:17
33493,e04-90-0590-110_202305022116.jpg,Uploaded document,BCRTC,,,,e04-90-0590-110_202305022116.jpg,,NO,e04-90-0590-110_202305022116.jpg,5/2/2023 21:17
33494,e04-90-0590-140_202305022116.jpg,Uploaded document,BCRTC,,,,e04-90-0590-140_202305022116.jpg,,NO,e04-90-0590-140_202305022116.jpg,5/2/2023 21:17
33495,e04-90-0590-150_202305022116.jpg,Uploaded document,BCRTC,,,,e04-90-0590-150_202305022116.jpg,,NO,e04-90-0590-150_202305022116.jpg,5/2/2023 21:17
33496,e04-90-0590-165_202305022116.jpg,Uploaded document,BCRTC,,,,e04-90-0590-165_202305022116.jpg,,NO,e04-90-0590-165_202305022116.jpg,5/2/2023 21:17
33497,e04-90-0590-170_202305022116.jpg,Uploaded document,BCRTC,,,,e04-90-0590-170_202305022116.jpg,,NO,e04-90-0590-170_202305022116.jpg,5/2/2023 21:17
33498,e04-90-0590-172_202305022116.jpg,Uploaded document,BCRTC,,,,e04-90-0590-172_202305022116.jpg,,NO,e04-90-0590-172_202305022116.jpg,5/2/2023 21:17
33499,e04-90-0590-350_202305022116.jpg,Uploaded document,BCRTC,,,,e04-90-0590-350_202305022116.jpg,,NO,e04-90-0590-350_202305022116.jpg,5/2/2023 21:17
33500,e04-90-0590-400_202305022116.jpg,Uploaded document,BCRTC,,,,e04-90-0590-400_202305022116.jpg,,NO,e04-90-0590-400_202305022116.jpg,5/2/2023 21:17
33501,e04-90-0590-500_202305022116.jpg,Uploaded document,BCRTC,,,,e04-90-0590-500_202305022116.jpg,,NO,e04-90-0590-500_202305022116.jpg,5/2/2023 21:17
33502,e04-90-0590-510_202305022116.jpg,Uploaded document,BCRTC,,,,e04-90-0590-510_202305022116.jpg,,NO,e04-90-0590-510_202305022116.jpg,5/2/2023 21:17
33503,e04-90-0590-675_202305022116.jpg,Uploaded document,BCRTC,,,,e04-90-0590-675_202305022116.jpg,,NO,e04-90-0590-675_202305022116.jpg,5/2/2023 21:17
33504,e04-90-0590-690_202305022116.jpg,Uploaded document,BCRTC,,,,e04-90-0590-690_202305022116.jpg,,NO,e04-90-0590-690_202305022116.jpg,5/2/2023 21:17
33505,e04-90-0590-702_202305022116.jpg,Uploaded document,BCRTC,,,,e04-90-0590-702_202305022116.jpg,,NO,e04-90-0590-702_202305022116.jpg,5/2/2023 21:17
33506,e04-90-0590-706_202305022116.jpg,Uploaded document,BCRTC,,,,e04-90-0590-706_202305022116.jpg,,NO,e04-90-0590-706_202305022116.jpg,5/2/2023 21:17
33507,e04-90-0590-708_202305022116.jpg,Uploaded document,BCRTC,,,,e04-90-0590-708_202305022116.jpg,,NO,e04-90-0590-708_202305022116.jpg,5/2/2023 21:17
33508,e04-90-0590-710_202305022116.jpg,Uploaded document,BCRTC,,,,e04-90-0590-710_202305022116.jpg,,NO,e04-90-0590-710_202305022116.jpg,5/2/2023 21:17
33509,e04-90-0590-712_202305022116.jpg,Uploaded document,BCRTC,,,,e04-90-0590-712_202305022116.jpg,,NO,e04-90-0590-712_202305022116.jpg,5/2/2023 21:17
33510,e04-90-0590-713_202305022116.jpg,Uploaded document,BCRTC,,,,e04-90-0590-713_202305022116.jpg,,NO,e04-90-0590-713_202305022116.jpg,5/2/2023 21:17
33511,e04-90-0590-725_202305022116.jpg,Uploaded document,BCRTC,,,,e04-90-0590-725_202305022116.jpg,,NO,e04-90-0590-725_202305022116.jpg,5/2/2023 21:17
33512,e04-90-0590-727_202305022116.jpg,Uploaded document,BCRTC,,,,e04-90-0590-727_202305022116.jpg,,NO,e04-90-0590-727_202305022116.jpg,5/2/2023 21:17
33513,e04-90-0590-728_202305022116.jpg,Uploaded document,BCRTC,,,,e04-90-0590-728_202305022116.jpg,,NO,e04-90-0590-728_202305022116.jpg,5/2/2023 21:17
33514,e04-90-0590-740_202305022116.jpg,Uploaded document,BCRTC,,,,e04-90-0590-740_202305022116.jpg,,NO,e04-90-0590-740_202305022116.jpg,5/2/2023 21:17
33515,e04-90-0590-755_202305022116.jpg,Uploaded document,BCRTC,,,,e04-90-0590-755_202305022116.jpg,,NO,e04-90-0590-755_202305022116.jpg,5/2/2023 21:17
33516,e04-90-0590-800_202305022116.jpg,Uploaded document,BCRTC,,,,e04-90-0590-800_202305022116.jpg,,NO,e04-90-0590-800_202305022116.jpg,5/2/2023 21:18
33517,e04-90-0590-802_202305022116.jpg,Uploaded document,BCRTC,,,,e04-90-0590-802_202305022116.jpg,,NO,e04-90-0590-802_202305022116.jpg,5/2/2023 21:18
33518,e04-90-0590-804_202305022116.jpg,Uploaded document,BCRTC,,,,e04-90-0590-804_202305022116.jpg,,NO,e04-90-0590-804_202305022116.jpg,5/2/2023 21:18
33519,e04-90-0590-805_202305022116.jpg,Uploaded document,BCRTC,,,,e04-90-0590-805_202305022116.jpg,,NO,e04-90-0590-805_202305022116.jpg,5/2/2023 21:18
33520,e04-90-0590-880_202305022116.jpg,Uploaded document,BCRTC,,,,e04-90-0590-880_202305022116.jpg,,NO,e04-90-0590-880_202305022116.jpg,5/2/2023 21:18
33521,e04-90-0590-882_202305022116.jpg,Uploaded document,BCRTC,,,,e04-90-0590-882_202305022116.jpg,,NO,e04-90-0590-882_202305022116.jpg,5/2/2023 21:18
33522,e04-90-0590-900_202305022116.jpg,Uploaded document,BCRTC,,,,e04-90-0590-900_202305022116.jpg,,NO,e04-90-0590-900_202305022116.jpg,5/2/2023 21:18
33523,e04-90-2836-411_202305022116.jpg,Uploaded document,BCRTC,,,,e04-90-2836-411_202305022116.jpg,,NO,e04-90-2836-411_202305022116.jpg,5/2/2023 21:18
33524,e04-90-2838-450_202305022116.jpg,Uploaded document,BCRTC,,,,e04-90-2838-450_202305022116.jpg,,NO,e04-90-2838-450_202305022116.jpg,5/2/2023 21:18
33525,e04-90-2850-850_202305022116.jpg,Uploaded document,BCRTC,,,,e04-90-2850-850_202305022116.jpg,,NO,e04-90-2850-850_202305022116.jpg,5/2/2023 21:18
33526,e04-90-5210-705_202305022122.jpg,Uploaded document,BCRTC,,,,e04-90-5210-705_202305022122.jpg,,NO,e04-90-5210-705_202305022122.jpg,5/2/2023 21:22
33527,e04-91-0591-001_202305022122.jpg,Uploaded document,BCRTC,,,,e04-91-0591-001_202305022122.jpg,,NO,e04-91-0591-001_202305022122.jpg,5/2/2023 21:22
33528,e04-91-0591-002_202305022122.jpg,Uploaded document,BCRTC,,,,e04-91-0591-002_202305022122.jpg,,NO,e04-91-0591-002_202305022122.jpg,5/2/2023 21:22
33529,e04-91-0591-003_202305022122.jpg,Uploaded document,BCRTC,,,,e04-91-0591-003_202305022122.jpg,,NO,e04-91-0591-003_202305022122.jpg,5/2/2023 21:22
33530,e04-91-0591-004_202305022122.jpg,Uploaded document,BCRTC,,,,e04-91-0591-004_202305022122.jpg,,NO,e04-91-0591-004_202305022122.jpg,5/2/2023 21:22
33531,e04-91-0591-005_202305022122.jpg,Uploaded document,BCRTC,,,,e04-91-0591-005_202305022122.jpg,,NO,e04-91-0591-005_202305022122.jpg,5/2/2023 21:22
33532,e04-91-0591-006_202305022122.jpg,Uploaded document,BCRTC,,,,e04-91-0591-006_202305022122.jpg,,NO,e04-91-0591-006_202305022122.jpg,5/2/2023 21:22
33533,e04-91-0591-007_202305022122.jpg,Uploaded document,BCRTC,,,,e04-91-0591-007_202305022122.jpg,,NO,e04-91-0591-007_202305022122.jpg,5/2/2023 21:22
33534,e04-91-0591-008_202305022122.jpg,Uploaded document,BCRTC,,,,e04-91-0591-008_202305022122.jpg,,NO,e04-91-0591-008_202305022122.jpg,5/2/2023 21:22
33535,e04-91-0591-009_202305022122.jpg,Uploaded document,BCRTC,,,,e04-91-0591-009_202305022122.jpg,,NO,e04-91-0591-009_202305022122.jpg,5/2/2023 21:22
33536,e04-91-0591-010_202305022122.jpg,Uploaded document,BCRTC,,,,e04-91-0591-010_202305022122.jpg,,NO,e04-91-0591-010_202305022122.jpg,5/2/2023 21:22
33537,e04-91-0591-011_202305022122.jpg,Uploaded document,BCRTC,,,,e04-91-0591-011_202305022122.jpg,,NO,e04-91-0591-011_202305022122.jpg,5/2/2023 21:22
33538,e04-91-0591-012_202305022122.jpg,Uploaded document,BCRTC,,,,e04-91-0591-012_202305022122.jpg,,NO,e04-91-0591-012_202305022122.jpg,5/2/2023 21:22
33539,e04-91-0591-013_202305022122.jpg,Uploaded document,BCRTC,,,,e04-91-0591-013_202305022122.jpg,,NO,e04-91-0591-013_202305022122.jpg,5/2/2023 21:22
33540,e04-91-0591-014_202305022122.jpg,Uploaded document,BCRTC,,,,e04-91-0591-014_202305022122.jpg,,NO,e04-91-0591-014_202305022122.jpg,5/2/2023 21:22
33541,e04-91-0591-015_202305022122.jpg,Uploaded document,BCRTC,,,,e04-91-0591-015_202305022122.jpg,,NO,e04-91-0591-015_202305022122.jpg,5/2/2023 21:23
33542,e04-91-0591-016_202305022122.jpg,Uploaded document,BCRTC,,,,e04-91-0591-016_202305022122.jpg,,NO,e04-91-0591-016_202305022122.jpg,5/2/2023 21:23
33543,e04-91-0591-017_202305022122.jpg,Uploaded document,BCRTC,,,,e04-91-0591-017_202305022122.jpg,,NO,e04-91-0591-017_202305022122.jpg,5/2/2023 21:23
33544,e04-91-0591-018_202305022122.jpg,Uploaded document,BCRTC,,,,e04-91-0591-018_202305022122.jpg,,NO,e04-91-0591-018_202305022122.jpg,5/2/2023 21:23
33545,e04-91-0591-019_202305022122.jpg,Uploaded document,BCRTC,,,,e04-91-0591-019_202305022122.jpg,,NO,e04-91-0591-019_202305022122.jpg,5/2/2023 21:23
33546,e04-91-0591-022_202305022122.jpg,Uploaded document,BCRTC,,,,e04-91-0591-022_202305022122.jpg,,NO,e04-91-0591-022_202305022122.jpg,5/2/2023 21:23
33547,e04-91-0591-024_202305022122.jpg,Uploaded document,BCRTC,,,,e04-91-0591-024_202305022122.jpg,,NO,e04-91-0591-024_202305022122.jpg,5/2/2023 21:23
33548,e04-91-0591-025_202305022122.jpg,Uploaded document,BCRTC,,,,e04-91-0591-025_202305022122.jpg,,NO,e04-91-0591-025_202305022122.jpg,5/2/2023 21:23
33549,e04-91-0591-027_202305022122.jpg,Uploaded document,BCRTC,,,,e04-91-0591-027_202305022122.jpg,,NO,e04-91-0591-027_202305022122.jpg,5/2/2023 21:23
33550,e04-91-0591-031_202305022122.jpg,Uploaded document,BCRTC,,,,e04-91-0591-031_202305022122.jpg,,NO,e04-91-0591-031_202305022122.jpg,5/2/2023 21:23
33551,e04-91-0591-032_202305022122.jpg,Uploaded document,BCRTC,,,,e04-91-0591-032_202305022122.jpg,,NO,e04-91-0591-032_202305022122.jpg,5/2/2023 21:23
33552,e04-91-0591-033_202305022122.jpg,Uploaded document,BCRTC,,,,e04-91-0591-033_202305022122.jpg,,NO,e04-91-0591-033_202305022122.jpg,5/2/2023 21:23
33553,e04-91-0591-034_202305022122.jpg,Uploaded document,BCRTC,,,,e04-91-0591-034_202305022122.jpg,,NO,e04-91-0591-034_202305022122.jpg,5/2/2023 21:23
33554,e04-91-0591-035_202305022122.jpg,Uploaded document,BCRTC,,,,e04-91-0591-035_202305022122.jpg,,NO,e04-91-0591-035_202305022122.jpg,5/2/2023 21:23
33555,e04-91-0591-036_202305022122.jpg,Uploaded document,BCRTC,,,,e04-91-0591-036_202305022122.jpg,,NO,e04-91-0591-036_202305022122.jpg,5/2/2023 21:23
33556,e04-91-0591-037_202305022122.jpg,Uploaded document,BCRTC,,,,e04-91-0591-037_202305022122.jpg,,NO,e04-91-0591-037_202305022122.jpg,5/2/2023 21:23
33557,e04-91-0591-038_202305022122.jpg,Uploaded document,BCRTC,,,,e04-91-0591-038_202305022122.jpg,,NO,e04-91-0591-038_202305022122.jpg,5/2/2023 21:23
33558,e04-91-0591-039_202305022122.jpg,Uploaded document,BCRTC,,,,e04-91-0591-039_202305022122.jpg,,NO,e04-91-0591-039_202305022122.jpg,5/2/2023 21:23
33559,e04-91-0591-040_202305022122.jpg,Uploaded document,BCRTC,,,,e04-91-0591-040_202305022122.jpg,,NO,e04-91-0591-040_202305022122.jpg,5/2/2023 21:23
33560,e04-91-0591-041_202305022122.jpg,Uploaded document,BCRTC,,,,e04-91-0591-041_202305022122.jpg,,NO,e04-91-0591-041_202305022122.jpg,5/2/2023 21:23
33561,e04-91-0591-043_202305022122.jpg,Uploaded document,BCRTC,,,,e04-91-0591-043_202305022122.jpg,,NO,e04-91-0591-043_202305022122.jpg,5/2/2023 21:23
33562,e04-91-0591-045_202305022122.jpg,Uploaded document,BCRTC,,,,e04-91-0591-045_202305022122.jpg,,NO,e04-91-0591-045_202305022122.jpg,5/2/2023 21:23
33563,e04-91-0591-046_202305022122.jpg,Uploaded document,BCRTC,,,,e04-91-0591-046_202305022122.jpg,,NO,e04-91-0591-046_202305022122.jpg,5/2/2023 21:23
33564,e04-91-0591-047_202305022122.jpg,Uploaded document,BCRTC,,,,e04-91-0591-047_202305022122.jpg,,NO,e04-91-0591-047_202305022122.jpg,5/2/2023 21:23
33565,e04-91-0591-048_202305022122.jpg,Uploaded document,BCRTC,,,,e04-91-0591-048_202305022122.jpg,,NO,e04-91-0591-048_202305022122.jpg,5/2/2023 21:23
33566,e04-91-0591-049_202305022122.jpg,Uploaded document,BCRTC,,,,e04-91-0591-049_202305022122.jpg,,NO,e04-91-0591-049_202305022122.jpg,5/2/2023 21:23
33567,e04-91-0591-052_202305022122.jpg,Uploaded document,BCRTC,,,,e04-91-0591-052_202305022122.jpg,,NO,e04-91-0591-052_202305022122.jpg,5/2/2023 21:23
33568,e04-91-0591-054_202305022122.jpg,Uploaded document,BCRTC,,,,e04-91-0591-054_202305022122.jpg,,NO,e04-91-0591-054_202305022122.jpg,5/2/2023 21:23
33569,e04-91-0591-055_202305022122.jpg,Uploaded document,BCRTC,,,,e04-91-0591-055_202305022122.jpg,,NO,e04-91-0591-055_202305022122.jpg,5/2/2023 21:23
33570,e04-91-0591-056_202305022122.jpg,Uploaded document,BCRTC,,,,e04-91-0591-056_202305022122.jpg,,NO,e04-91-0591-056_202305022122.jpg,5/2/2023 21:23
33571,e04-91-0591-058_202305022122.jpg,Uploaded document,BCRTC,,,,e04-91-0591-058_202305022122.jpg,,NO,e04-91-0591-058_202305022122.jpg,5/2/2023 21:23
33572,e04-91-0591-059_202305022122.jpg,Uploaded document,BCRTC,,,,e04-91-0591-059_202305022122.jpg,,NO,e04-91-0591-059_202305022122.jpg,5/2/2023 21:23
33573,e04-91-0591-060_202305022122.jpg,Uploaded document,BCRTC,,,,e04-91-0591-060_202305022122.jpg,,NO,e04-91-0591-060_202305022122.jpg,5/2/2023 21:23
33574,e04-91-0591-061_202305022122.jpg,Uploaded document,BCRTC,,,,e04-91-0591-061_202305022122.jpg,,NO,e04-91-0591-061_202305022122.jpg,5/2/2023 21:23
33575,e04-91-0591-062_202305022122.jpg,Uploaded document,BCRTC,,,,e04-91-0591-062_202305022122.jpg,,NO,e04-91-0591-062_202305022122.jpg,5/2/2023 21:23
33576,e04-91-0591-063_202305022129.jpg,Uploaded document,BCRTC,,,,e04-91-0591-063_202305022129.jpg,,NO,e04-91-0591-063_202305022129.jpg,5/2/2023 21:29
33577,e04-91-0591-067_202305022129.jpg,Uploaded document,BCRTC,,,,e04-91-0591-067_202305022129.jpg,,NO,e04-91-0591-067_202305022129.jpg,5/2/2023 21:29
33578,e04-91-0591-069_202305022129.jpg,Uploaded document,BCRTC,,,,e04-91-0591-069_202305022129.jpg,,NO,e04-91-0591-069_202305022129.jpg,5/2/2023 21:29
33579,e04-91-0591-070_202305022129.jpg,Uploaded document,BCRTC,,,,e04-91-0591-070_202305022129.jpg,,NO,e04-91-0591-070_202305022129.jpg,5/2/2023 21:29
33580,e04-91-0591-071_202305022129.jpg,Uploaded document,BCRTC,,,,e04-91-0591-071_202305022129.jpg,,NO,e04-91-0591-071_202305022129.jpg,5/2/2023 21:29
33581,e04-91-0591-072_202305022129.jpg,Uploaded document,BCRTC,,,,e04-91-0591-072_202305022129.jpg,,NO,e04-91-0591-072_202305022129.jpg,5/2/2023 21:29
33582,e04-91-0591-073_202305022129.jpg,Uploaded document,BCRTC,,,,e04-91-0591-073_202305022129.jpg,,NO,e04-91-0591-073_202305022129.jpg,5/2/2023 21:29
33583,e04-91-0591-074_202305022129.jpg,Uploaded document,BCRTC,,,,e04-91-0591-074_202305022129.jpg,,NO,e04-91-0591-074_202305022129.jpg,5/2/2023 21:29
33584,e04-91-0591-075_202305022129.jpg,Uploaded document,BCRTC,,,,e04-91-0591-075_202305022129.jpg,,NO,e04-91-0591-075_202305022129.jpg,5/2/2023 21:29
33585,e04-91-0591-076_202305022129.jpg,Uploaded document,BCRTC,,,,e04-91-0591-076_202305022129.jpg,,NO,e04-91-0591-076_202305022129.jpg,5/2/2023 21:29
33586,e04-91-0591-077_202305022129.jpg,Uploaded document,BCRTC,,,,e04-91-0591-077_202305022129.jpg,,NO,e04-91-0591-077_202305022129.jpg,5/2/2023 21:29
33587,e04-91-0591-078_202305022129.jpg,Uploaded document,BCRTC,,,,e04-91-0591-078_202305022129.jpg,,NO,e04-91-0591-078_202305022129.jpg,5/2/2023 21:29
33588,e04-91-0591-079_202305022129.jpg,Uploaded document,BCRTC,,,,e04-91-0591-079_202305022129.jpg,,NO,e04-91-0591-079_202305022129.jpg,5/2/2023 21:29
33589,e04-91-0591-080_202305022129.jpg,Uploaded document,BCRTC,,,,e04-91-0591-080_202305022129.jpg,,NO,e04-91-0591-080_202305022129.jpg,5/2/2023 21:29
33590,e04-92-0592-001_202305022129.jpg,Uploaded document,BCRTC,,,,e04-92-0592-001_202305022129.jpg,,NO,e04-92-0592-001_202305022129.jpg,5/2/2023 21:29
33591,e04-92-0592-002_202305022129.jpg,Uploaded document,BCRTC,,,,e04-92-0592-002_202305022129.jpg,,NO,e04-92-0592-002_202305022129.jpg,5/2/2023 21:29
33592,e04-92-0592-007_202305022129.jpg,Uploaded document,BCRTC,,,,e04-92-0592-007_202305022129.jpg,,NO,e04-92-0592-007_202305022129.jpg,5/2/2023 21:29
33593,e04-92-0592-008_202305022129.jpg,Uploaded document,BCRTC,,,,e04-92-0592-008_202305022129.jpg,,NO,e04-92-0592-008_202305022129.jpg,5/2/2023 21:29
33594,e04-92-0592-009_202305022129.jpg,Uploaded document,BCRTC,,,,e04-92-0592-009_202305022129.jpg,,NO,e04-92-0592-009_202305022129.jpg,5/2/2023 21:29
33595,e04-92-0592-010_202305022129.jpg,Uploaded document,BCRTC,,,,e04-92-0592-010_202305022129.jpg,,NO,e04-92-0592-010_202305022129.jpg,5/2/2023 21:29
33596,e04-92-0592-013_202305022129.jpg,Uploaded document,BCRTC,,,,e04-92-0592-013_202305022129.jpg,,NO,e04-92-0592-013_202305022129.jpg,5/2/2023 21:29
33597,e04-92-0592-015_202305022129.jpg,Uploaded document,BCRTC,,,,e04-92-0592-015_202305022129.jpg,,NO,e04-92-0592-015_202305022129.jpg,5/2/2023 21:30
33598,e04-92-0592-016_202305022129.jpg,Uploaded document,BCRTC,,,,e04-92-0592-016_202305022129.jpg,,NO,e04-92-0592-016_202305022129.jpg,5/2/2023 21:30
33599,e04-92-0592-017_202305022129.jpg,Uploaded document,BCRTC,,,,e04-92-0592-017_202305022129.jpg,,NO,e04-92-0592-017_202305022129.jpg,5/2/2023 21:30
33600,e04-92-0592-018_202305022129.jpg,Uploaded document,BCRTC,,,,e04-92-0592-018_202305022129.jpg,,NO,e04-92-0592-018_202305022129.jpg,5/2/2023 21:30
33601,e04-92-0592-020_202305022129.jpg,Uploaded document,BCRTC,,,,e04-92-0592-020_202305022129.jpg,,NO,e04-92-0592-020_202305022129.jpg,5/2/2023 21:30
33602,e04-92-0592-026_202305022129.jpg,Uploaded document,BCRTC,,,,e04-92-0592-026_202305022129.jpg,,NO,e04-92-0592-026_202305022129.jpg,5/2/2023 21:30
33603,e04-92-0592-027_202305022129.jpg,Uploaded document,BCRTC,,,,e04-92-0592-027_202305022129.jpg,,NO,e04-92-0592-027_202305022129.jpg,5/2/2023 21:30
33604,e04-92-0592-029_202305022129.jpg,Uploaded document,BCRTC,,,,e04-92-0592-029_202305022129.jpg,,NO,e04-92-0592-029_202305022129.jpg,5/2/2023 21:30
33605,e04-92-0592-034_202305022129.jpg,Uploaded document,BCRTC,,,,e04-92-0592-034_202305022129.jpg,,NO,e04-92-0592-034_202305022129.jpg,5/2/2023 21:30
33606,e04-92-0592-035_202305022129.jpg,Uploaded document,BCRTC,,,,e04-92-0592-035_202305022129.jpg,,NO,e04-92-0592-035_202305022129.jpg,5/2/2023 21:30
33607,e04-92-0592-036_202305022129.jpg,Uploaded document,BCRTC,,,,e04-92-0592-036_202305022129.jpg,,NO,e04-92-0592-036_202305022129.jpg,5/2/2023 21:30
33608,e04-92-0592-037_202305022129.jpg,Uploaded document,BCRTC,,,,e04-92-0592-037_202305022129.jpg,,NO,e04-92-0592-037_202305022129.jpg,5/2/2023 21:30
33609,e04-92-0592-038_202305022129.jpg,Uploaded document,BCRTC,,,,e04-92-0592-038_202305022129.jpg,,NO,e04-92-0592-038_202305022129.jpg,5/2/2023 21:30
33610,e04-92-0592-039_202305022129.jpg,Uploaded document,BCRTC,,,,e04-92-0592-039_202305022129.jpg,,NO,e04-92-0592-039_202305022129.jpg,5/2/2023 21:30
33611,e04-92-0592-040_202305022129.jpg,Uploaded document,BCRTC,,,,e04-92-0592-040_202305022129.jpg,,NO,e04-92-0592-040_202305022129.jpg,5/2/2023 21:30
33612,e04-92-0592-041_202305022129.jpg,Uploaded document,BCRTC,,,,e04-92-0592-041_202305022129.jpg,,NO,e04-92-0592-041_202305022129.jpg,5/2/2023 21:30
33613,e04-92-0592-042_202305022129.jpg,Uploaded document,BCRTC,,,,e04-92-0592-042_202305022129.jpg,,NO,e04-92-0592-042_202305022129.jpg,5/2/2023 21:30
33614,e04-92-0592-043_202305022129.jpg,Uploaded document,BCRTC,,,,e04-92-0592-043_202305022129.jpg,,NO,e04-92-0592-043_202305022129.jpg,5/2/2023 21:30
33615,e04-92-0592-044_202305022129.jpg,Uploaded document,BCRTC,,,,e04-92-0592-044_202305022129.jpg,,NO,e04-92-0592-044_202305022129.jpg,5/2/2023 21:30
33616,e04-92-0592-045_202305022129.jpg,Uploaded document,BCRTC,,,,e04-92-0592-045_202305022129.jpg,,NO,e04-92-0592-045_202305022129.jpg,5/2/2023 21:30
33617,e04-92-0592-047_202305022129.jpg,Uploaded document,BCRTC,,,,e04-92-0592-047_202305022129.jpg,,NO,e04-92-0592-047_202305022129.jpg,5/2/2023 21:30
33618,e04-92-0592-048_202305022129.jpg,Uploaded document,BCRTC,,,,e04-92-0592-048_202305022129.jpg,,NO,e04-92-0592-048_202305022129.jpg,5/2/2023 21:30
33619,e04-92-0592-049_202305022129.jpg,Uploaded document,BCRTC,,,,e04-92-0592-049_202305022129.jpg,,NO,e04-92-0592-049_202305022129.jpg,5/2/2023 21:30
33620,e04-92-0592-050_202305022129.jpg,Uploaded document,BCRTC,,,,e04-92-0592-050_202305022129.jpg,,NO,e04-92-0592-050_202305022129.jpg,5/2/2023 21:30
33621,e04-92-0592-051_202305022129.jpg,Uploaded document,BCRTC,,,,e04-92-0592-051_202305022129.jpg,,NO,e04-92-0592-051_202305022129.jpg,5/2/2023 21:30
33622,e04-92-0592-052_202305022129.jpg,Uploaded document,BCRTC,,,,e04-92-0592-052_202305022129.jpg,,NO,e04-92-0592-052_202305022129.jpg,5/2/2023 21:30
33623,e04-92-0592-055_202305022129.jpg,Uploaded document,BCRTC,,,,e04-92-0592-055_202305022129.jpg,,NO,e04-92-0592-055_202305022129.jpg,5/2/2023 21:30
33624,e04-92-0592-056_202305022129.jpg,Uploaded document,BCRTC,,,,e04-92-0592-056_202305022129.jpg,,NO,e04-92-0592-056_202305022129.jpg,5/2/2023 21:30
33625,e04-92-0592-057_202305022129.jpg,Uploaded document,BCRTC,,,,e04-92-0592-057_202305022129.jpg,,NO,e04-92-0592-057_202305022129.jpg,5/2/2023 21:30
33626,f00-32-0632-858_202305022136.jpg,Uploaded document,BCRTC,,,,f00-32-0632-858_202305022136.jpg,,NO,f00-32-0632-858_202305022136.jpg,5/2/2023 21:36
33627,f00-32-0632-870_202305022136.jpg,Uploaded document,BCRTC,,,,f00-32-0632-870_202305022136.jpg,,NO,f00-32-0632-870_202305022136.jpg,5/2/2023 21:36
33628,f00-32-0632-960_202305022136.jpg,Uploaded document,BCRTC,,,,f00-32-0632-960_202305022136.jpg,,NO,f00-32-0632-960_202305022136.jpg,5/2/2023 21:36
33629,f00-32-0632-961_202305022136.jpg,Uploaded document,BCRTC,,,,f00-32-0632-961_202305022136.jpg,,NO,f00-32-0632-961_202305022136.jpg,5/2/2023 21:36
33630,f00-32-0632-962_202305022136.jpg,Uploaded document,BCRTC,,,,f00-32-0632-962_202305022136.jpg,,NO,f00-32-0632-962_202305022136.jpg,5/2/2023 21:36
33631,f00-34-0634-100_202305022136.jpg,Uploaded document,BCRTC,,,,f00-34-0634-100_202305022136.jpg,,NO,f00-34-0634-100_202305022136.jpg,5/2/2023 21:36
33632,f00-34-0634-101_202305022136.jpg,Uploaded document,BCRTC,,,,f00-34-0634-101_202305022136.jpg,,NO,f00-34-0634-101_202305022136.jpg,5/2/2023 21:36
33633,f00-34-0634-402_202305022136.jpg,Uploaded document,BCRTC,,,,f00-34-0634-402_202305022136.jpg,,NO,f00-34-0634-402_202305022136.jpg,5/2/2023 21:36
33634,f00-34-0634-535_202305022136.jpg,Uploaded document,BCRTC,,,,f00-34-0634-535_202305022136.jpg,,NO,f00-34-0634-535_202305022136.jpg,5/2/2023 21:36
33635,f00-34-0634-618_202305022136.jpg,Uploaded document,BCRTC,,,,f00-34-0634-618_202305022136.jpg,,NO,f00-34-0634-618_202305022136.jpg,5/2/2023 21:36
33636,f00-35-0635-065_202305022136.jpg,Uploaded document,BCRTC,,,,f00-35-0635-065_202305022136.jpg,,NO,f00-35-0635-065_202305022136.jpg,5/2/2023 21:36
33637,f00-35-0635-066_202305022136.jpg,Uploaded document,BCRTC,,,,f00-35-0635-066_202305022136.jpg,,NO,f00-35-0635-066_202305022136.jpg,5/2/2023 21:36
33638,f00-35-0635-067_202305022136.jpg,Uploaded document,BCRTC,,,,f00-35-0635-067_202305022136.jpg,,NO,f00-35-0635-067_202305022136.jpg,5/2/2023 21:36
33639,f00-35-0635-068_202305022136.jpg,Uploaded document,BCRTC,,,,f00-35-0635-068_202305022136.jpg,,NO,f00-35-0635-068_202305022136.jpg,5/2/2023 21:36
33640,f00-35-0635-069_202305022136.jpg,Uploaded document,BCRTC,,,,f00-35-0635-069_202305022136.jpg,,NO,f00-35-0635-069_202305022136.jpg,5/2/2023 21:36
33641,f00-35-0635-315_202305022136.jpg,Uploaded document,BCRTC,,,,f00-35-0635-315_202305022136.jpg,,NO,f00-35-0635-315_202305022136.jpg,5/2/2023 21:36
33642,f00-35-0635-316_202305022136.jpg,Uploaded document,BCRTC,,,,f00-35-0635-316_202305022136.jpg,,NO,f00-35-0635-316_202305022136.jpg,5/2/2023 21:36
33643,f00-35-0635-317_202305022136.jpg,Uploaded document,BCRTC,,,,f00-35-0635-317_202305022136.jpg,,NO,f00-35-0635-317_202305022136.jpg,5/2/2023 21:36
33644,f00-35-0635-400_202305022136.jpg,Uploaded document,BCRTC,,,,f00-35-0635-400_202305022136.jpg,,NO,f00-35-0635-400_202305022136.jpg,5/2/2023 21:36
33645,f00-35-0635-630_202305022136.jpg,Uploaded document,BCRTC,,,,f00-35-0635-630_202305022136.jpg,,NO,f00-35-0635-630_202305022136.jpg,5/2/2023 21:36
33646,f00-40-0640-001_202305022136.jpg,Uploaded document,BCRTC,,,,f00-40-0640-001_202305022136.jpg,,NO,f00-40-0640-001_202305022136.jpg,5/2/2023 21:36
33647,f00-40-0640-002_202305022136.jpg,Uploaded document,BCRTC,,,,f00-40-0640-002_202305022136.jpg,,NO,f00-40-0640-002_202305022136.jpg,5/2/2023 21:37
33648,f00-40-0640-005_202305022136.jpg,Uploaded document,BCRTC,,,,f00-40-0640-005_202305022136.jpg,,NO,f00-40-0640-005_202305022136.jpg,5/2/2023 21:37
33649,f00-40-0640-045_202305022136.jpg,Uploaded document,BCRTC,,,,f00-40-0640-045_202305022136.jpg,,NO,f00-40-0640-045_202305022136.jpg,5/2/2023 21:37
33650,f00-40-0640-065_202305022136.jpg,Uploaded document,BCRTC,,,,f00-40-0640-065_202305022136.jpg,,NO,f00-40-0640-065_202305022136.jpg,5/2/2023 21:37
33651,f00-40-0640-067_202305022136.jpg,Uploaded document,BCRTC,,,,f00-40-0640-067_202305022136.jpg,,NO,f00-40-0640-067_202305022136.jpg,5/2/2023 21:37
33652,f00-40-0640-110_202305022136.jpg,Uploaded document,BCRTC,,,,f00-40-0640-110_202305022136.jpg,,NO,f00-40-0640-110_202305022136.jpg,5/2/2023 21:37
33653,f00-40-0640-316_202305022136.jpg,Uploaded document,BCRTC,,,,f00-40-0640-316_202305022136.jpg,,NO,f00-40-0640-316_202305022136.jpg,5/2/2023 21:37
33654,f00-40-0640-317_202305022136.jpg,Uploaded document,BCRTC,,,,f00-40-0640-317_202305022136.jpg,,NO,f00-40-0640-317_202305022136.jpg,5/2/2023 21:37
33655,f00-40-0640-320_202305022136.jpg,Uploaded document,BCRTC,,,,f00-40-0640-320_202305022136.jpg,,NO,f00-40-0640-320_202305022136.jpg,5/2/2023 21:37
33656,f00-40-0640-322_202305022136.jpg,Uploaded document,BCRTC,,,,f00-40-0640-322_202305022136.jpg,,NO,f00-40-0640-322_202305022136.jpg,5/2/2023 21:37
33657,f00-40-0640-400_202305022136.jpg,Uploaded document,BCRTC,,,,f00-40-0640-400_202305022136.jpg,,NO,f00-40-0640-400_202305022136.jpg,5/2/2023 21:37
33658,f00-40-0640-500_202305022136.jpg,Uploaded document,BCRTC,,,,f00-40-0640-500_202305022136.jpg,,NO,f00-40-0640-500_202305022136.jpg,5/2/2023 21:37
33659,f00-40-0640-730_202305022136.jpg,Uploaded document,BCRTC,,,,f00-40-0640-730_202305022136.jpg,,NO,f00-40-0640-730_202305022136.jpg,5/2/2023 21:37
33660,f00-40-0640-965_202305022136.jpg,Uploaded document,BCRTC,,,,f00-40-0640-965_202305022136.jpg,,NO,f00-40-0640-965_202305022136.jpg,5/2/2023 21:37
33661,f00-41-0641-001_202305022136.jpg,Uploaded document,BCRTC,,,,f00-41-0641-001_202305022136.jpg,,NO,f00-41-0641-001_202305022136.jpg,5/2/2023 21:37
33662,f00-41-0641-002_202305022136.jpg,Uploaded document,BCRTC,,,,f00-41-0641-002_202305022136.jpg,,NO,f00-41-0641-002_202305022136.jpg,5/2/2023 21:37
33663,f00-41-0641-003_202305022136.jpg,Uploaded document,BCRTC,,,,f00-41-0641-003_202305022136.jpg,,NO,f00-41-0641-003_202305022136.jpg,5/2/2023 21:37
33664,f00-42-0642-001_202305022136.jpg,Uploaded document,BCRTC,,,,f00-42-0642-001_202305022136.jpg,,NO,f00-42-0642-001_202305022136.jpg,5/2/2023 21:37
33665,f00-57-0657-002_202305022136.jpg,Uploaded document,BCRTC,,,,f00-57-0657-002_202305022136.jpg,,NO,f00-57-0657-002_202305022136.jpg,5/2/2023 21:37
33666,f00-57-0657-003_202305022136.jpg,Uploaded document,BCRTC,,,,f00-57-0657-003_202305022136.jpg,,NO,f00-57-0657-003_202305022136.jpg,5/2/2023 21:37
33667,f00-57-0657-004_202305022136.jpg,Uploaded document,BCRTC,,,,f00-57-0657-004_202305022136.jpg,,NO,f00-57-0657-004_202305022136.jpg,5/2/2023 21:37
33668,f00-57-0657-005_202305022136.jpg,Uploaded document,BCRTC,,,,f00-57-0657-005_202305022136.jpg,,NO,f00-57-0657-005_202305022136.jpg,5/2/2023 21:37
33669,f00-57-0657-006_202305022136.jpg,Uploaded document,BCRTC,,,,f00-57-0657-006_202305022136.jpg,,NO,f00-57-0657-006_202305022136.jpg,5/2/2023 21:37
33670,f00-58-0658-530_202305022136.jpg,Uploaded document,BCRTC,,,,f00-58-0658-530_202305022136.jpg,,NO,f00-58-0658-530_202305022136.jpg,5/2/2023 21:37
33671,f00-58-3733-200_202305022136.jpg,Uploaded document,BCRTC,,,,f00-58-3733-200_202305022136.jpg,,NO,f00-58-3733-200_202305022136.jpg,5/2/2023 21:37
33672,g07-87-0787-002_202305022136.jpg,Uploaded document,BCRTC,,,,g07-87-0787-002_202305022136.jpg,,NO,g07-87-0787-002_202305022136.jpg,5/2/2023 21:37
33673,e04-92-0592-058_202305022141.jpg,Uploaded document,BCRTC,,,,e04-92-0592-058_202305022141.jpg,,NO,e04-92-0592-058_202305022141.jpg,5/2/2023 21:41
33674,e04-92-0592-059_202305022141.jpg,Uploaded document,BCRTC,,,,e04-92-0592-059_202305022141.jpg,,NO,e04-92-0592-059_202305022141.jpg,5/2/2023 21:41
33675,e04-92-0592-060_202305022141.jpg,Uploaded document,BCRTC,,,,e04-92-0592-060_202305022141.jpg,,NO,e04-92-0592-060_202305022141.jpg,5/2/2023 21:41
33676,e04-92-0592-062_202305022141.jpg,Uploaded document,BCRTC,,,,e04-92-0592-062_202305022141.jpg,,NO,e04-92-0592-062_202305022141.jpg,5/2/2023 21:41
33677,e04-92-0592-063_202305022141.jpg,Uploaded document,BCRTC,,,,e04-92-0592-063_202305022141.jpg,,NO,e04-92-0592-063_202305022141.jpg,5/2/2023 21:41
33678,e04-92-0592-064_202305022141.jpg,Uploaded document,BCRTC,,,,e04-92-0592-064_202305022141.jpg,,NO,e04-92-0592-064_202305022141.jpg,5/2/2023 21:41
33679,e04-92-0592-065_202305022141.jpg,Uploaded document,BCRTC,,,,e04-92-0592-065_202305022141.jpg,,NO,e04-92-0592-065_202305022141.jpg,5/2/2023 21:41
33680,e04-92-0592-066_202305022141.jpg,Uploaded document,BCRTC,,,,e04-92-0592-066_202305022141.jpg,,NO,e04-92-0592-066_202305022141.jpg,5/2/2023 21:41
33681,e04-92-0592-067_202305022141.jpg,Uploaded document,BCRTC,,,,e04-92-0592-067_202305022141.jpg,,NO,e04-92-0592-067_202305022141.jpg,5/2/2023 21:41
33682,e04-92-0592-069_202305022141.jpg,Uploaded document,BCRTC,,,,e04-92-0592-069_202305022141.jpg,,NO,e04-92-0592-069_202305022141.jpg,5/2/2023 21:41
33683,e04-92-0592-070_202305022141.jpg,Uploaded document,BCRTC,,,,e04-92-0592-070_202305022141.jpg,,NO,e04-92-0592-070_202305022141.jpg,5/2/2023 21:41
33684,e04-92-0592-071_202305022141.jpg,Uploaded document,BCRTC,,,,e04-92-0592-071_202305022141.jpg,,NO,e04-92-0592-071_202305022141.jpg,5/2/2023 21:41
33685,e04-92-0592-073_202305022141.jpg,Uploaded document,BCRTC,,,,e04-92-0592-073_202305022141.jpg,,NO,e04-92-0592-073_202305022141.jpg,5/2/2023 21:41
33686,e04-92-0592-074_202305022141.jpg,Uploaded document,BCRTC,,,,e04-92-0592-074_202305022141.jpg,,NO,e04-92-0592-074_202305022141.jpg,5/2/2023 21:41
33687,e04-92-0592-075_202305022141.jpg,Uploaded document,BCRTC,,,,e04-92-0592-075_202305022141.jpg,,NO,e04-92-0592-075_202305022141.jpg,5/2/2023 21:41
33688,e04-92-0592-077_202305022141.jpg,Uploaded document,BCRTC,,,,e04-92-0592-077_202305022141.jpg,,NO,e04-92-0592-077_202305022141.jpg,5/2/2023 21:41
33689,e04-92-0592-078_202305022141.jpg,Uploaded document,BCRTC,,,,e04-92-0592-078_202305022141.jpg,,NO,e04-92-0592-078_202305022141.jpg,5/2/2023 21:41
33690,e04-92-0592-080_202305022141.jpg,Uploaded document,BCRTC,,,,e04-92-0592-080_202305022141.jpg,,NO,e04-92-0592-080_202305022141.jpg,5/2/2023 21:41
33691,e04-92-0592-081_202305022141.jpg,Uploaded document,BCRTC,,,,e04-92-0592-081_202305022141.jpg,,NO,e04-92-0592-081_202305022141.jpg,5/2/2023 21:41
33692,e04-92-0592-082_202305022141.jpg,Uploaded document,BCRTC,,,,e04-92-0592-082_202305022141.jpg,,NO,e04-92-0592-082_202305022141.jpg,5/2/2023 21:41
33693,e04-92-0592-083_202305022141.jpg,Uploaded document,BCRTC,,,,e04-92-0592-083_202305022141.jpg,,NO,e04-92-0592-083_202305022141.jpg,5/2/2023 21:41
33694,e04-92-0592-085_202305022141.jpg,Uploaded document,BCRTC,,,,e04-92-0592-085_202305022141.jpg,,NO,e04-92-0592-085_202305022141.jpg,5/2/2023 21:41
33695,e04-92-0592-088_202305022141.jpg,Uploaded document,BCRTC,,,,e04-92-0592-088_202305022141.jpg,,NO,e04-92-0592-088_202305022141.jpg,5/2/2023 21:41
33696,e04-92-0592-089_202305022141.jpg,Uploaded document,BCRTC,,,,e04-92-0592-089_202305022141.jpg,,NO,e04-92-0592-089_202305022141.jpg,5/2/2023 21:41
33697,e04-92-0592-090_202305022141.jpg,Uploaded document,BCRTC,,,,e04-92-0592-090_202305022141.jpg,,NO,e04-92-0592-090_202305022141.jpg,5/2/2023 21:41
33698,e04-92-0592-092_202305022141.jpg,Uploaded document,BCRTC,,,,e04-92-0592-092_202305022141.jpg,,NO,e04-92-0592-092_202305022141.jpg,5/2/2023 21:41
33699,e04-92-0592-093_202305022141.jpg,Uploaded document,BCRTC,,,,e04-92-0592-093_202305022141.jpg,,NO,e04-92-0592-093_202305022141.jpg,5/2/2023 21:41
33700,e04-92-0592-095_202305022141.jpg,Uploaded document,BCRTC,,,,e04-92-0592-095_202305022141.jpg,,NO,e04-92-0592-095_202305022141.jpg,5/2/2023 21:41
33701,e04-92-0592-096_202305022141.jpg,Uploaded document,BCRTC,,,,e04-92-0592-096_202305022141.jpg,,NO,e04-92-0592-096_202305022141.jpg,5/2/2023 21:41
33702,e04-92-0592-097_202305022141.jpg,Uploaded document,BCRTC,,,,e04-92-0592-097_202305022141.jpg,,NO,e04-92-0592-097_202305022141.jpg,5/2/2023 21:41
33703,e04-92-0592-098_202305022141.jpg,Uploaded document,BCRTC,,,,e04-92-0592-098_202305022141.jpg,,NO,e04-92-0592-098_202305022141.jpg,5/2/2023 21:41
33704,e04-92-0592-099_202305022141.jpg,Uploaded document,BCRTC,,,,e04-92-0592-099_202305022141.jpg,,NO,e04-92-0592-099_202305022141.jpg,5/2/2023 21:41
33705,e04-92-0592-100_202305022141.jpg,Uploaded document,BCRTC,,,,e04-92-0592-100_202305022141.jpg,,NO,e04-92-0592-100_202305022141.jpg,5/2/2023 21:41
33706,e04-92-0592-101_202305022141.jpg,Uploaded document,BCRTC,,,,e04-92-0592-101_202305022141.jpg,,NO,e04-92-0592-101_202305022141.jpg,5/2/2023 21:42
33707,e04-92-0592-102_202305022141.jpg,Uploaded document,BCRTC,,,,e04-92-0592-102_202305022141.jpg,,NO,e04-92-0592-102_202305022141.jpg,5/2/2023 21:42
33708,e04-92-0592-103_202305022141.jpg,Uploaded document,BCRTC,,,,e04-92-0592-103_202305022141.jpg,,NO,e04-92-0592-103_202305022141.jpg,5/2/2023 21:42
33709,e04-92-0592-104_202305022141.jpg,Uploaded document,BCRTC,,,,e04-92-0592-104_202305022141.jpg,,NO,e04-92-0592-104_202305022141.jpg,5/2/2023 21:42
33710,e04-92-0592-105_202305022141.jpg,Uploaded document,BCRTC,,,,e04-92-0592-105_202305022141.jpg,,NO,e04-92-0592-105_202305022141.jpg,5/2/2023 21:42
33711,e04-92-0592-106_202305022141.jpg,Uploaded document,BCRTC,,,,e04-92-0592-106_202305022141.jpg,,NO,e04-92-0592-106_202305022141.jpg,5/2/2023 21:42
33712,e04-92-0592-107_202305022141.jpg,Uploaded document,BCRTC,,,,e04-92-0592-107_202305022141.jpg,,NO,e04-92-0592-107_202305022141.jpg,5/2/2023 21:42
33713,e04-92-0592-108_202305022141.jpg,Uploaded document,BCRTC,,,,e04-92-0592-108_202305022141.jpg,,NO,e04-92-0592-108_202305022141.jpg,5/2/2023 21:42
33714,e04-92-0592-109_202305022141.jpg,Uploaded document,BCRTC,,,,e04-92-0592-109_202305022141.jpg,,NO,e04-92-0592-109_202305022141.jpg,5/2/2023 21:42
33715,e04-92-0592-111_202305022141.jpg,Uploaded document,BCRTC,,,,e04-92-0592-111_202305022141.jpg,,NO,e04-92-0592-111_202305022141.jpg,5/2/2023 21:42
33716,e04-92-0592-112_202305022141.jpg,Uploaded document,BCRTC,,,,e04-92-0592-112_202305022141.jpg,,NO,e04-92-0592-112_202305022141.jpg,5/2/2023 21:42
33717,e04-92-0592-113_202305022141.jpg,Uploaded document,BCRTC,,,,e04-92-0592-113_202305022141.jpg,,NO,e04-92-0592-113_202305022141.jpg,5/2/2023 21:42
33718,e04-92-0592-114_202305022141.jpg,Uploaded document,BCRTC,,,,e04-92-0592-114_202305022141.jpg,,NO,e04-92-0592-114_202305022141.jpg,5/2/2023 21:42
33719,e04-92-0592-115_202305022141.jpg,Uploaded document,BCRTC,,,,e04-92-0592-115_202305022141.jpg,,NO,e04-92-0592-115_202305022141.jpg,5/2/2023 21:42
33720,e04-92-0592-116_202305022141.jpg,Uploaded document,BCRTC,,,,e04-92-0592-116_202305022141.jpg,,NO,e04-92-0592-116_202305022141.jpg,5/2/2023 21:42
33721,e04-92-0592-118_202305022141.jpg,Uploaded document,BCRTC,,,,e04-92-0592-118_202305022141.jpg,,NO,e04-92-0592-118_202305022141.jpg,5/2/2023 21:42
33722,e04-92-0592-150_202305022141.jpg,Uploaded document,BCRTC,,,,e04-92-0592-150_202305022141.jpg,,NO,e04-92-0592-150_202305022141.jpg,5/2/2023 21:42
33723,e04-92-0592-160_202305022230.jpg,Uploaded document,BCRTC,,,,e04-92-0592-160_202305022230.jpg,,NO,e04-92-0592-160_202305022230.jpg,5/2/2023 22:30
33724,e04-92-0592-175_202305022230.jpg,Uploaded document,BCRTC,,,,e04-92-0592-175_202305022230.jpg,,NO,e04-92-0592-175_202305022230.jpg,5/2/2023 22:30
33725,e04-92-0592-240_202305022230.jpg,Uploaded document,BCRTC,,,,e04-92-0592-240_202305022230.jpg,,NO,e04-92-0592-240_202305022230.jpg,5/2/2023 22:30
33726,e04-92-0592-480_202305022230.jpg,Uploaded document,BCRTC,,,,e04-92-0592-480_202305022230.jpg,,NO,e04-92-0592-480_202305022230.jpg,5/2/2023 22:30
33727,e04-92-0592-542_202305022230.jpg,Uploaded document,BCRTC,,,,e04-92-0592-542_202305022230.jpg,,NO,e04-92-0592-542_202305022230.jpg,5/2/2023 22:30
33728,e04-92-0592-632_202305022230.jpg,Uploaded document,BCRTC,,,,e04-92-0592-632_202305022230.jpg,,NO,e04-92-0592-632_202305022230.jpg,5/2/2023 22:30
33729,e04-92-0592-633_202305022230.jpg,Uploaded document,BCRTC,,,,e04-92-0592-633_202305022230.jpg,,NO,e04-92-0592-633_202305022230.jpg,5/2/2023 22:30
33730,e04-92-0592-710_202305022230.jpg,Uploaded document,BCRTC,,,,e04-92-0592-710_202305022230.jpg,,NO,e04-92-0592-710_202305022230.jpg,5/2/2023 22:30
33731,e04-92-0592-715_202305022230.jpg,Uploaded document,BCRTC,,,,e04-92-0592-715_202305022230.jpg,,NO,e04-92-0592-715_202305022230.jpg,5/2/2023 22:30
33732,e04-92-0592-720_202305022230.jpg,Uploaded document,BCRTC,,,,e04-92-0592-720_202305022230.jpg,,NO,e04-92-0592-720_202305022230.jpg,5/2/2023 22:30
33733,e04-92-0592-725_202305022230.jpg,Uploaded document,BCRTC,,,,e04-92-0592-725_202305022230.jpg,,NO,e04-92-0592-725_202305022230.jpg,5/2/2023 22:30
33734,e04-92-0592-730_202305022230.jpg,Uploaded document,BCRTC,,,,e04-92-0592-730_202305022230.jpg,,NO,e04-92-0592-730_202305022230.jpg,5/2/2023 22:30
33735,e04-92-0592-735_202305022230.jpg,Uploaded document,BCRTC,,,,e04-92-0592-735_202305022230.jpg,,NO,e04-92-0592-735_202305022230.jpg,5/2/2023 22:31
33736,e04-92-0592-800_202305022230.jpg,Uploaded document,BCRTC,,,,e04-92-0592-800_202305022230.jpg,,NO,e04-92-0592-800_202305022230.jpg,5/2/2023 22:31
33737,e04-92-0592-820_202305022230.jpg,Uploaded document,BCRTC,,,,e04-92-0592-820_202305022230.jpg,,NO,e04-92-0592-820_202305022230.jpg,5/2/2023 22:31
33738,e04-92-0592-837_202305022230.jpg,Uploaded document,BCRTC,,,,e04-92-0592-837_202305022230.jpg,,NO,e04-92-0592-837_202305022230.jpg,5/2/2023 22:31
33739,e04-92-0592-839_202305022230.jpg,Uploaded document,BCRTC,,,,e04-92-0592-839_202305022230.jpg,,NO,e04-92-0592-839_202305022230.jpg,5/2/2023 22:31
33740,e04-92-0592-840_202305022230.jpg,Uploaded document,BCRTC,,,,e04-92-0592-840_202305022230.jpg,,NO,e04-92-0592-840_202305022230.jpg,5/2/2023 22:31
33741,e04-92-0592-850_202305022230.jpg,Uploaded document,BCRTC,,,,e04-92-0592-850_202305022230.jpg,,NO,e04-92-0592-850_202305022230.jpg,5/2/2023 22:31
33742,e04-92-0592-875_202305022230.jpg,Uploaded document,BCRTC,,,,e04-92-0592-875_202305022230.jpg,,NO,e04-92-0592-875_202305022230.jpg,5/2/2023 22:31
33743,e04-92-0592-880_202305022230.jpg,Uploaded document,BCRTC,,,,e04-92-0592-880_202305022230.jpg,,NO,e04-92-0592-880_202305022230.jpg,5/2/2023 22:31
33744,e04-92-0592-900_202305022230.jpg,Uploaded document,BCRTC,,,,e04-92-0592-900_202305022230.jpg,,NO,e04-92-0592-900_202305022230.jpg,5/2/2023 22:31
33745,e04-92-0592-910_202305022230.jpg,Uploaded document,BCRTC,,,,e04-92-0592-910_202305022230.jpg,,NO,e04-92-0592-910_202305022230.jpg,5/2/2023 22:31
33746,e04-92-0592-912_202305022230.jpg,Uploaded document,BCRTC,,,,e04-92-0592-912_202305022230.jpg,,NO,e04-92-0592-912_202305022230.jpg,5/2/2023 22:31
33747,e04-92-0592-940_202305022230.jpg,Uploaded document,BCRTC,,,,e04-92-0592-940_202305022230.jpg,,NO,e04-92-0592-940_202305022230.jpg,5/2/2023 22:31
33748,e04-92-0592-942_202305022230.jpg,Uploaded document,BCRTC,,,,e04-92-0592-942_202305022230.jpg,,NO,e04-92-0592-942_202305022230.jpg,5/2/2023 22:31
33749,e04-92-0592-950_202305022230.jpg,Uploaded document,BCRTC,,,,e04-92-0592-950_202305022230.jpg,,NO,e04-92-0592-950_202305022230.jpg,5/2/2023 22:31
33750,e04-92-0592-960_202305022230.jpg,Uploaded document,BCRTC,,,,e04-92-0592-960_202305022230.jpg,,NO,e04-92-0592-960_202305022230.jpg,5/2/2023 22:31
33751,e04-92-0592-975_202305022230.jpg,Uploaded document,BCRTC,,,,e04-92-0592-975_202305022230.jpg,,NO,e04-92-0592-975_202305022230.jpg,5/2/2023 22:31
33752,e04-92-0592-977_202305022230.jpg,Uploaded document,BCRTC,,,,e04-92-0592-977_202305022230.jpg,,NO,e04-92-0592-977_202305022230.jpg,5/2/2023 22:31
33753,e04-92-0592-978_202305022230.jpg,Uploaded document,BCRTC,,,,e04-92-0592-978_202305022230.jpg,,NO,e04-92-0592-978_202305022230.jpg,5/2/2023 22:31
33754,e04-92-0592-979_202305022230.jpg,Uploaded document,BCRTC,,,,e04-92-0592-979_202305022230.jpg,,NO,e04-92-0592-979_202305022230.jpg,5/2/2023 22:31
33755,e04-92-4057-600_202305022230.jpg,Uploaded document,BCRTC,,,,e04-92-4057-600_202305022230.jpg,,NO,e04-92-4057-600_202305022230.jpg,5/2/2023 22:31
33756,e04-92-4057-606_202305022230.jpg,Uploaded document,BCRTC,,,,e04-92-4057-606_202305022230.jpg,,NO,e04-92-4057-606_202305022230.jpg,5/2/2023 22:31
33757,e04-92-4057-611_202305022230.jpg,Uploaded document,BCRTC,,,,e04-92-4057-611_202305022230.jpg,,NO,e04-92-4057-611_202305022230.jpg,5/2/2023 22:31
33758,e04-93-0593-003_202305022230.jpg,Uploaded document,BCRTC,,,,e04-93-0593-003_202305022230.jpg,,NO,e04-93-0593-003_202305022230.jpg,5/2/2023 22:31
33759,e04-95-0595-001_202305022230.jpg,Uploaded document,BCRTC,,,,e04-95-0595-001_202305022230.jpg,,NO,e04-95-0595-001_202305022230.jpg,5/2/2023 22:31
33760,e04-95-0595-005_202305022230.jpg,Uploaded document,BCRTC,,,,e04-95-0595-005_202305022230.jpg,,NO,e04-95-0595-005_202305022230.jpg,5/2/2023 22:31
33761,e04-95-0595-007_202305022230.jpg,Uploaded document,BCRTC,,,,e04-95-0595-007_202305022230.jpg,,NO,e04-95-0595-007_202305022230.jpg,5/2/2023 22:31
33762,e04-95-0595-020_202305022230.jpg,Uploaded document,BCRTC,,,,e04-95-0595-020_202305022230.jpg,,NO,e04-95-0595-020_202305022230.jpg,5/2/2023 22:31
33763,e04-95-0595-027_202305022230.jpg,Uploaded document,BCRTC,,,,e04-95-0595-027_202305022230.jpg,,NO,e04-95-0595-027_202305022230.jpg,5/2/2023 22:31
33764,e04-95-0595-035_202305022230.jpg,Uploaded document,BCRTC,,,,e04-95-0595-035_202305022230.jpg,,NO,e04-95-0595-035_202305022230.jpg,5/2/2023 22:31
33765,e04-95-0595-050_202305022230.jpg,Uploaded document,BCRTC,,,,e04-95-0595-050_202305022230.jpg,,NO,e04-95-0595-050_202305022230.jpg,5/2/2023 22:31
33766,e04-95-0595-051_202305022230.jpg,Uploaded document,BCRTC,,,,e04-95-0595-051_202305022230.jpg,,NO,e04-95-0595-051_202305022230.jpg,5/2/2023 22:31
33767,e04-95-0595-052_202305022230.jpg,Uploaded document,BCRTC,,,,e04-95-0595-052_202305022230.jpg,,NO,e04-95-0595-052_202305022230.jpg,5/2/2023 22:31
33768,e04-95-0595-053_202305022230.jpg,Uploaded document,BCRTC,,,,e04-95-0595-053_202305022230.jpg,,NO,e04-95-0595-053_202305022230.jpg,5/2/2023 22:31
33769,e04-95-0595-054_202305022230.jpg,Uploaded document,BCRTC,,,,e04-95-0595-054_202305022230.jpg,,NO,e04-95-0595-054_202305022230.jpg,5/2/2023 22:31
33770,e04-95-0595-055_202305022230.jpg,Uploaded document,BCRTC,,,,e04-95-0595-055_202305022230.jpg,,NO,e04-95-0595-055_202305022230.jpg,5/2/2023 22:31
33771,e04-95-0595-056_202305022230.jpg,Uploaded document,BCRTC,,,,e04-95-0595-056_202305022230.jpg,,NO,e04-95-0595-056_202305022230.jpg,5/2/2023 22:31
33772,e04-95-0595-057_202305022230.jpg,Uploaded document,BCRTC,,,,e04-95-0595-057_202305022230.jpg,,NO,e04-95-0595-057_202305022230.jpg,5/2/2023 22:31
33807,e04-95-0595-058_202305022241.jpg,Uploaded document,BCRTC,,,,e04-95-0595-058_202305022241.jpg,,NO,e04-95-0595-058_202305022241.jpg,5/2/2023 22:41
33808,e04-95-0595-059_202305022241.jpg,Uploaded document,BCRTC,,,,e04-95-0595-059_202305022241.jpg,,NO,e04-95-0595-059_202305022241.jpg,5/2/2023 22:42
33809,e04-95-0595-060_202305022241.jpg,Uploaded document,BCRTC,,,,e04-95-0595-060_202305022241.jpg,,NO,e04-95-0595-060_202305022241.jpg,5/2/2023 22:42
33810,e04-95-0595-061_202305022241.jpg,Uploaded document,BCRTC,,,,e04-95-0595-061_202305022241.jpg,,NO,e04-95-0595-061_202305022241.jpg,5/2/2023 22:42
33811,e04-95-0595-062_202305022241.jpg,Uploaded document,BCRTC,,,,e04-95-0595-062_202305022241.jpg,,NO,e04-95-0595-062_202305022241.jpg,5/2/2023 22:42
33812,e04-95-0595-242_202305022241.jpg,Uploaded document,BCRTC,,,,e04-95-0595-242_202305022241.jpg,,NO,e04-95-0595-242_202305022241.jpg,5/2/2023 22:42
33813,e04-95-0595-245_202305022241.jpg,Uploaded document,BCRTC,,,,e04-95-0595-245_202305022241.jpg,,NO,e04-95-0595-245_202305022241.jpg,5/2/2023 22:42
33814,e04-95-0595-250_202305022241.jpg,Uploaded document,BCRTC,,,,e04-95-0595-250_202305022241.jpg,,NO,e04-95-0595-250_202305022241.jpg,5/2/2023 22:42
33815,e04-95-0595-251_202305022241.jpg,Uploaded document,BCRTC,,,,e04-95-0595-251_202305022241.jpg,,NO,e04-95-0595-251_202305022241.jpg,5/2/2023 22:42
33816,e04-95-0595-252_202305022241.jpg,Uploaded document,BCRTC,,,,e04-95-0595-252_202305022241.jpg,,NO,e04-95-0595-252_202305022241.jpg,5/2/2023 22:42
33817,e04-95-0595-253_202305022241.jpg,Uploaded document,BCRTC,,,,e04-95-0595-253_202305022241.jpg,,NO,e04-95-0595-253_202305022241.jpg,5/2/2023 22:42
33818,e04-95-0595-300_202305022241.jpg,Uploaded document,BCRTC,,,,e04-95-0595-300_202305022241.jpg,,NO,e04-95-0595-300_202305022241.jpg,5/2/2023 22:42
33819,e04-95-0595-302_202305022241.jpg,Uploaded document,BCRTC,,,,e04-95-0595-302_202305022241.jpg,,NO,e04-95-0595-302_202305022241.jpg,5/2/2023 22:42
33820,e04-95-0595-304_202305022241.jpg,Uploaded document,BCRTC,,,,e04-95-0595-304_202305022241.jpg,,NO,e04-95-0595-304_202305022241.jpg,5/2/2023 22:42
33821,e04-95-0595-368_202305022241.jpg,Uploaded document,BCRTC,,,,e04-95-0595-368_202305022241.jpg,,NO,e04-95-0595-368_202305022241.jpg,5/2/2023 22:42
33822,e04-95-0595-369_202305022241.jpg,Uploaded document,BCRTC,,,,e04-95-0595-369_202305022241.jpg,,NO,e04-95-0595-369_202305022241.jpg,5/2/2023 22:42
33823,e04-95-0595-370_202305022241.jpg,Uploaded document,BCRTC,,,,e04-95-0595-370_202305022241.jpg,,NO,e04-95-0595-370_202305022241.jpg,5/2/2023 22:42
33824,e04-95-0595-372_202305022241.jpg,Uploaded document,BCRTC,,,,e04-95-0595-372_202305022241.jpg,,NO,e04-95-0595-372_202305022241.jpg,5/2/2023 22:42
33825,e04-95-0595-373_202305022241.jpg,Uploaded document,BCRTC,,,,e04-95-0595-373_202305022241.jpg,,NO,e04-95-0595-373_202305022241.jpg,5/2/2023 22:42
33826,e04-95-0595-374_202305022241.jpg,Uploaded document,BCRTC,,,,e04-95-0595-374_202305022241.jpg,,NO,e04-95-0595-374_202305022241.jpg,5/2/2023 22:42
33827,e04-95-0595-375_202305022241.jpg,Uploaded document,BCRTC,,,,e04-95-0595-375_202305022241.jpg,,NO,e04-95-0595-375_202305022241.jpg,5/2/2023 22:42
33828,e04-95-0595-376_202305022241.jpg,Uploaded document,BCRTC,,,,e04-95-0595-376_202305022241.jpg,,NO,e04-95-0595-376_202305022241.jpg,5/2/2023 22:42
33829,e04-95-0595-377_202305022241.jpg,Uploaded document,BCRTC,,,,e04-95-0595-377_202305022241.jpg,,NO,e04-95-0595-377_202305022241.jpg,5/2/2023 22:42
33830,e04-95-0595-378_202305022241.jpg,Uploaded document,BCRTC,,,,e04-95-0595-378_202305022241.jpg,,NO,e04-95-0595-378_202305022241.jpg,5/2/2023 22:42
33831,f00-06-0606-115_202305022241.jpg,Uploaded document,BCRTC,,,,f00-06-0606-115_202305022241.jpg,,NO,f00-06-0606-115_202305022241.jpg,5/2/2023 22:42
33832,f00-10-0610-001_202305022241.jpg,Uploaded document,BCRTC,,,,f00-10-0610-001_202305022241.jpg,,NO,f00-10-0610-001_202305022241.jpg,5/2/2023 22:42
33833,f00-10-0610-002_202305022241.jpg,Uploaded document,BCRTC,,,,f00-10-0610-002_202305022241.jpg,,NO,f00-10-0610-002_202305022241.jpg,5/2/2023 22:42
33834,f00-10-0610-317_202305022241.jpg,Uploaded document,BCRTC,,,,f00-10-0610-317_202305022241.jpg,,NO,f00-10-0610-317_202305022241.jpg,5/2/2023 22:42
33835,f00-16-0616-310_202305022241.jpg,Uploaded document,BCRTC,,,,f00-16-0616-310_202305022241.jpg,,NO,f00-16-0616-310_202305022241.jpg,5/2/2023 22:42
33836,f00-16-0616-330_202305022241.jpg,Uploaded document,BCRTC,,,,f00-16-0616-330_202305022241.jpg,,NO,f00-16-0616-330_202305022241.jpg,5/2/2023 22:42
33837,f00-16-0616-350_202305022241.jpg,Uploaded document,BCRTC,,,,f00-16-0616-350_202305022241.jpg,,NO,f00-16-0616-350_202305022241.jpg,5/2/2023 22:42
33838,f00-16-0616-376_202305022241.jpg,Uploaded document,BCRTC,,,,f00-16-0616-376_202305022241.jpg,,NO,f00-16-0616-376_202305022241.jpg,5/2/2023 22:42
33839,f00-16-0616-380_202305022241.jpg,Uploaded document,BCRTC,,,,f00-16-0616-380_202305022241.jpg,,NO,f00-16-0616-380_202305022241.jpg,5/2/2023 22:42
33840,f00-16-0616-520_202305022241.jpg,Uploaded document,BCRTC,,,,f00-16-0616-520_202305022241.jpg,,NO,f00-16-0616-520_202305022241.jpg,5/2/2023 22:43
33841,f00-16-0616-530_202305022241.jpg,Uploaded document,BCRTC,,,,f00-16-0616-530_202305022241.jpg,,NO,f00-16-0616-530_202305022241.jpg,5/2/2023 22:43
33842,f00-16-0616-859_202305022241.jpg,Uploaded document,BCRTC,,,,f00-16-0616-859_202305022241.jpg,,NO,f00-16-0616-859_202305022241.jpg,5/2/2023 22:43
33843,f00-16-0616-860_202305022241.jpg,Uploaded document,BCRTC,,,,f00-16-0616-860_202305022241.jpg,,NO,f00-16-0616-860_202305022241.jpg,5/2/2023 22:43
33844,f00-16-2850-200_202305022241.jpg,Uploaded document,BCRTC,,,,f00-16-2850-200_202305022241.jpg,,NO,f00-16-2850-200_202305022241.jpg,5/2/2023 22:43
33845,f00-17-0617-050_202305022241.jpg,Uploaded document,BCRTC,,,,f00-17-0617-050_202305022241.jpg,,NO,f00-17-0617-050_202305022241.jpg,5/2/2023 22:43
33846,f00-17-0617-096_202305022241.jpg,Uploaded document,BCRTC,,,,f00-17-0617-096_202305022241.jpg,,NO,f00-17-0617-096_202305022241.jpg,5/2/2023 22:43
33847,f00-17-0617-100_202305022241.jpg,Uploaded document,BCRTC,,,,f00-17-0617-100_202305022241.jpg,,NO,f00-17-0617-100_202305022241.jpg,5/2/2023 22:43
33848,f00-17-0617-102_202305022241.jpg,Uploaded document,BCRTC,,,,f00-17-0617-102_202305022241.jpg,,NO,f00-17-0617-102_202305022241.jpg,5/2/2023 22:43
33849,f00-17-0617-104_202305022241.jpg,Uploaded document,BCRTC,,,,f00-17-0617-104_202305022241.jpg,,NO,f00-17-0617-104_202305022241.jpg,5/2/2023 22:43
33850,f00-30-0630-155_202305022241.jpg,Uploaded document,BCRTC,,,,f00-30-0630-155_202305022241.jpg,,NO,f00-30-0630-155_202305022241.jpg,5/2/2023 22:43
33851,f00-31-0631-200_202305022241.jpg,Uploaded document,BCRTC,,,,f00-31-0631-200_202305022241.jpg,,NO,f00-31-0631-200_202305022241.jpg,5/2/2023 22:43
33852,f00-32-0632-040_202305022241.jpg,Uploaded document,BCRTC,,,,f00-32-0632-040_202305022241.jpg,,NO,f00-32-0632-040_202305022241.jpg,5/2/2023 22:43
33853,f00-32-0632-060_202305022241.jpg,Uploaded document,BCRTC,,,,f00-32-0632-060_202305022241.jpg,,NO,f00-32-0632-060_202305022241.jpg,5/2/2023 22:43
33854,f00-32-0632-061_202305022241.jpg,Uploaded document,BCRTC,,,,f00-32-0632-061_202305022241.jpg,,NO,f00-32-0632-061_202305022241.jpg,5/2/2023 22:43
33855,f00-32-0632-062_202305022241.jpg,Uploaded document,BCRTC,,,,f00-32-0632-062_202305022241.jpg,,NO,f00-32-0632-062_202305022241.jpg,5/2/2023 22:43
33856,f00-32-0632-064_202305022241.jpg,Uploaded document,BCRTC,,,,f00-32-0632-064_202305022241.jpg,,NO,f00-32-0632-064_202305022241.jpg,5/2/2023 22:43
33857,f00-32-0632-070_202305022247.jpg,Uploaded document,BCRTC,,,,f00-32-0632-070_202305022247.jpg,,NO,f00-32-0632-070_202305022247.jpg,5/2/2023 22:47
33858,f00-32-0632-092_202305022247.jpg,Uploaded document,BCRTC,,,,f00-32-0632-092_202305022247.jpg,,NO,f00-32-0632-092_202305022247.jpg,5/2/2023 22:47
33859,f00-32-0632-100_202305022247.jpg,Uploaded document,BCRTC,,,,f00-32-0632-100_202305022247.jpg,,NO,f00-32-0632-100_202305022247.jpg,5/2/2023 22:47
33860,f00-32-0632-165_202305022247.jpg,Uploaded document,BCRTC,,,,f00-32-0632-165_202305022247.jpg,,NO,f00-32-0632-165_202305022247.jpg,5/2/2023 22:47
33861,f00-32-0632-174_202305022247.jpg,Uploaded document,BCRTC,,,,f00-32-0632-174_202305022247.jpg,,NO,f00-32-0632-174_202305022247.jpg,5/2/2023 22:47
33862,f00-32-0632-180_202305022247.jpg,Uploaded document,BCRTC,,,,f00-32-0632-180_202305022247.jpg,,NO,f00-32-0632-180_202305022247.jpg,5/2/2023 22:47
33863,f00-32-0632-202_202305022247.jpg,Uploaded document,BCRTC,,,,f00-32-0632-202_202305022247.jpg,,NO,f00-32-0632-202_202305022247.jpg,5/2/2023 22:47
33864,f00-32-0632-290_202305022247.jpg,Uploaded document,BCRTC,,,,f00-32-0632-290_202305022247.jpg,,NO,f00-32-0632-290_202305022247.jpg,5/2/2023 22:47
33865,f00-32-0632-310_202305022247.jpg,Uploaded document,BCRTC,,,,f00-32-0632-310_202305022247.jpg,,NO,f00-32-0632-310_202305022247.jpg,5/2/2023 22:47
33866,f00-32-0632-345_202305022247.jpg,Uploaded document,BCRTC,,,,f00-32-0632-345_202305022247.jpg,,NO,f00-32-0632-345_202305022247.jpg,5/2/2023 22:47
33867,f00-32-0632-350_202305022247.jpg,Uploaded document,BCRTC,,,,f00-32-0632-350_202305022247.jpg,,NO,f00-32-0632-350_202305022247.jpg,5/2/2023 22:48
33868,f00-32-0632-370_202305022247.jpg,Uploaded document,BCRTC,,,,f00-32-0632-370_202305022247.jpg,,NO,f00-32-0632-370_202305022247.jpg,5/2/2023 22:48
33869,f00-32-0632-405_202305022247.jpg,Uploaded document,BCRTC,,,,f00-32-0632-405_202305022247.jpg,,NO,f00-32-0632-405_202305022247.jpg,5/2/2023 22:48
33870,f00-32-0632-415_202305022247.jpg,Uploaded document,BCRTC,,,,f00-32-0632-415_202305022247.jpg,,NO,f00-32-0632-415_202305022247.jpg,5/2/2023 22:48
33871,f00-32-0632-425_202305022247.jpg,Uploaded document,BCRTC,,,,f00-32-0632-425_202305022247.jpg,,NO,f00-32-0632-425_202305022247.jpg,5/2/2023 22:48
33872,f00-32-0632-455_202305022247.jpg,Uploaded document,BCRTC,,,,f00-32-0632-455_202305022247.jpg,,NO,f00-32-0632-455_202305022247.jpg,5/2/2023 22:48
33873,f00-32-0632-456_202305022247.jpg,Uploaded document,BCRTC,,,,f00-32-0632-456_202305022247.jpg,,NO,f00-32-0632-456_202305022247.jpg,5/2/2023 22:48
33874,f00-32-0632-457_202305022247.jpg,Uploaded document,BCRTC,,,,f00-32-0632-457_202305022247.jpg,,NO,f00-32-0632-457_202305022247.jpg,5/2/2023 22:48
33875,f00-32-0632-465_202305022247.jpg,Uploaded document,BCRTC,,,,f00-32-0632-465_202305022247.jpg,,NO,f00-32-0632-465_202305022247.jpg,5/2/2023 22:48
33876,f00-32-0632-480_202305022247.jpg,Uploaded document,BCRTC,,,,f00-32-0632-480_202305022247.jpg,,NO,f00-32-0632-480_202305022247.jpg,5/2/2023 22:48
33877,f00-32-0632-505_202305022247.jpg,Uploaded document,BCRTC,,,,f00-32-0632-505_202305022247.jpg,,NO,f00-32-0632-505_202305022247.jpg,5/2/2023 22:48
33878,f00-32-0632-578_202305022247.jpg,Uploaded document,BCRTC,,,,f00-32-0632-578_202305022247.jpg,,NO,f00-32-0632-578_202305022247.jpg,5/2/2023 22:48
33879,f00-32-0632-579_202305022247.jpg,Uploaded document,BCRTC,,,,f00-32-0632-579_202305022247.jpg,,NO,f00-32-0632-579_202305022247.jpg,5/2/2023 22:48
33880,f00-32-0632-590_202305022247.jpg,Uploaded document,BCRTC,,,,f00-32-0632-590_202305022247.jpg,,NO,f00-32-0632-590_202305022247.jpg,5/2/2023 22:48
33881,f00-32-0632-630_202305022247.jpg,Uploaded document,BCRTC,,,,f00-32-0632-630_202305022247.jpg,,NO,f00-32-0632-630_202305022247.jpg,5/2/2023 22:48
33882,f00-32-0632-631_202305022247.jpg,Uploaded document,BCRTC,,,,f00-32-0632-631_202305022247.jpg,,NO,f00-32-0632-631_202305022247.jpg,5/2/2023 22:48
33883,f00-32-0632-670_202305022247.jpg,Uploaded document,BCRTC,,,,f00-32-0632-670_202305022247.jpg,,NO,f00-32-0632-670_202305022247.jpg,5/2/2023 22:48
33884,f00-32-0632-755_202305022247.jpg,Uploaded document,BCRTC,,,,f00-32-0632-755_202305022247.jpg,,NO,f00-32-0632-755_202305022247.jpg,5/2/2023 22:48
33885,f00-32-0632-760_202305022247.jpg,Uploaded document,BCRTC,,,,f00-32-0632-760_202305022247.jpg,,NO,f00-32-0632-760_202305022247.jpg,5/2/2023 22:48
33886,f00-32-0632-765_202305022247.jpg,Uploaded document,BCRTC,,,,f00-32-0632-765_202305022247.jpg,,NO,f00-32-0632-765_202305022247.jpg,5/2/2023 22:48
33887,f00-32-0632-767_202305022247.jpg,Uploaded document,BCRTC,,,,f00-32-0632-767_202305022247.jpg,,NO,f00-32-0632-767_202305022247.jpg,5/2/2023 22:48
33888,f00-32-0632-768_202305022247.jpg,Uploaded document,BCRTC,,,,f00-32-0632-768_202305022247.jpg,,NO,f00-32-0632-768_202305022247.jpg,5/2/2023 22:48
33889,f00-32-0632-769_202305022247.jpg,Uploaded document,BCRTC,,,,f00-32-0632-769_202305022247.jpg,,NO,f00-32-0632-769_202305022247.jpg,5/2/2023 22:48
33890,f00-32-0632-770_202305022247.jpg,Uploaded document,BCRTC,,,,f00-32-0632-770_202305022247.jpg,,NO,f00-32-0632-770_202305022247.jpg,5/2/2023 22:48
33891,f00-32-0632-810_202305022247.jpg,Uploaded document,BCRTC,,,,f00-32-0632-810_202305022247.jpg,,NO,f00-32-0632-810_202305022247.jpg,5/2/2023 22:48
33892,f00-32-0632-820_202305022247.jpg,Uploaded document,BCRTC,,,,f00-32-0632-820_202305022247.jpg,,NO,f00-32-0632-820_202305022247.jpg,5/2/2023 22:48
33893,f00-32-0632-825_202305022247.jpg,Uploaded document,BCRTC,,,,f00-32-0632-825_202305022247.jpg,,NO,f00-32-0632-825_202305022247.jpg,5/2/2023 22:48
33894,f00-32-0632-827_202305022247.jpg,Uploaded document,BCRTC,,,,f00-32-0632-827_202305022247.jpg,,NO,f00-32-0632-827_202305022247.jpg,5/2/2023 22:48
33895,f00-32-0632-828_202305022247.jpg,Uploaded document,BCRTC,,,,f00-32-0632-828_202305022247.jpg,,NO,f00-32-0632-828_202305022247.jpg,5/2/2023 22:48
33896,f00-32-0632-853_202305022247.jpg,Uploaded document,BCRTC,,,,f00-32-0632-853_202305022247.jpg,,NO,f00-32-0632-853_202305022247.jpg,5/2/2023 22:48
33897,f00-32-0632-858_202305022247.jpg,Uploaded document,BCRTC,,,,f00-32-0632-858_202305022247.jpg,,NO,f00-32-0632-858_202305022247.jpg,5/2/2023 22:48
33898,f00-32-0632-870_202305022247.jpg,Uploaded document,BCRTC,,,,f00-32-0632-870_202305022247.jpg,,NO,f00-32-0632-870_202305022247.jpg,5/2/2023 22:48
33899,f00-32-0632-960_202305022247.jpg,Uploaded document,BCRTC,,,,f00-32-0632-960_202305022247.jpg,,NO,f00-32-0632-960_202305022247.jpg,5/2/2023 22:48
33900,f00-32-0632-961_202305022247.jpg,Uploaded document,BCRTC,,,,f00-32-0632-961_202305022247.jpg,,NO,f00-32-0632-961_202305022247.jpg,5/2/2023 22:48
33901,f00-32-0632-962_202305022247.jpg,Uploaded document,BCRTC,,,,f00-32-0632-962_202305022247.jpg,,NO,f00-32-0632-962_202305022247.jpg,5/2/2023 22:48
33902,f00-34-0634-100_202305022247.jpg,Uploaded document,BCRTC,,,,f00-34-0634-100_202305022247.jpg,,NO,f00-34-0634-100_202305022247.jpg,5/2/2023 22:48
33903,f00-34-0634-101_202305022247.jpg,Uploaded document,BCRTC,,,,f00-34-0634-101_202305022247.jpg,,NO,f00-34-0634-101_202305022247.jpg,5/2/2023 22:48
33904,f00-34-0634-402_202305022247.jpg,Uploaded document,BCRTC,,,,f00-34-0634-402_202305022247.jpg,,NO,f00-34-0634-402_202305022247.jpg,5/2/2023 22:48
33905,f00-34-0634-535_202305022247.jpg,Uploaded document,BCRTC,,,,f00-34-0634-535_202305022247.jpg,,NO,f00-34-0634-535_202305022247.jpg,5/2/2023 22:48
33906,f00-34-0634-618_202305022247.jpg,Uploaded document,BCRTC,,,,f00-34-0634-618_202305022247.jpg,,NO,f00-34-0634-618_202305022247.jpg,5/2/2023 22:48
GANGWAY EXTERIOR 240,IMG_0683_202301140708.jpg,Uploaded document,BCRTC,,,,IMG_0683_202301140708.jpg,,NO,IMG_0683_202301140708.jpg,1/14/2023 7:08
GANGWAY INTERIOR 240,IMG_0682_202301140707.jpg,Uploaded document,BCRTC,,,,IMG_0682_202301140707.jpg,,NO,IMG_0682_202301140707.jpg,1/14/2023 7:07
SIGNED RECEIVED ,Signed Receipt_202302092136.jpg,Uploaded document,BCRTC,,,,Signed Receipt_202302092136.jpg,,NO,Signed Receipt_202302092136.jpg,2/9/2023 21:36
